BARRA,NOMBRE,
7795373013773,FUSIMED-B EMUL.TOP.15 G. ,16400
7804625951890,"REDUCLIN 2,5 X 35",15000
7800007737922,FLUCONAZOL [BE] 150 MG 2 CAPS.,3000
7730963250268,PRUDENCE CHICLE GEL 100 G.,4000
9980808887007,QUIMNATURA 250MG X 250 G,1600
7804653720314,VENLAVITAE XR 150MG X 30 CAP,15800
7800068031724,KETOROLACO 10MG X 10 COM,1600
7800007804877,REDOFF 0125% X 15 ML,4400
7804659890288,RAYTAN 3% TRICLOSAN JAB.HIG.1000 ML C/VALV.,5300
7800004005147,LEBLON EXTREM FPS50+ A.E.50 G. ,1500
6223004868443,PHARMA-ALGI SILVER 5 X 5 ALGINATO DE CALCIO C/PLATA,1000
7800007120847,HIDROCLOROTIAZIDA [BE] 50 MG 20 COMP.,1000
7800038000774,FERRANIM X 30,10600
7800007679895,LOSARTAN 50MG X 30 COM,1500
7800004001781,BIOFLORAS 250MG X 10 SOB,8700
7793640992561,ASPIRINA INFANTIL X 42 COMP,4300
7800007554338,AZITROMICINA [BE] 500 MG 3 COMP.REC.,2000
7800068010040,BRONCOTUSILAN 100 MG/5ML S.O. 120 ML ,10000
7804629440550,"BUDESONIDA 200MCG LF LIBRE DE ALCOHOL, 200 DOSIS",6600
7800063110752,PREDNISONA ,1500
7730979099493,"GOTELY 0,4 MG 30 CAPS. ",21300
7804640560930,"HOSPICARE CINTA ADHESIVA 1,25 X 9 M X 1",1500
7800018000961,7800018000961,7000
7804612011729,ZINLERGIA 180 MG X 30 COMP REC,15000
7804995818892,GUATERO QUEEN X 2 LT HOFMANN,6000
7800028005604,7800028005604,22000
8903726207628,LOSARTAN 50MG X 30 COM,1000
8859263401305,SET DE CEPILLO Y PEINETA,3500
7800004005154,LEBLON ANTIOX.FPS50 A.E.PROT.SOLAR 50 G.,1400
7800060003064,"CLORANFENICOL 1% X 3,5 G",4000
8437020503037,TADAVITAE 20 MG 4 COMP. REC. [BE] ,17000
7800097002412,CIPROFIBRATO 100MG X 30,12600
7804614931568,DISILDEN 50 MG 20 COMP.REC. [BE] ,7000
8903726250389,PREGABALINA 75 MG X 30 CAPS,10000
7804640561463,PARACETAMOL 1000MG X 20 COM,4000
7800068011030,RUPAX 10MG X 30,9000
8680199613384,"FLURES D 0,1% X 5 ML",18000
7703281000365,"LACTIBON-FEM LOC.LIMP.240 ML [PH 3,5",10500
7800038042743,ENTEROL-S 250 MG 10 CAPS. ,6000
7800046004917,CORTIGRIP DIA NOCHE X 15 COMPRIMIDOS,4500
3664798046663,BUSCAPINA GOTAS SOLX20ML,8900
7800038000514,GLUCOSAN XR 750MG X 30 COMP LIB PROL,7000
7800018000473,ACIDO VALPROICO 500MG X 30COM.,7600
7800004006410,TAPSIN PEDIATRICO 160MG X 16 COMP MASTICABLES,3000
7800004002160,TAPSIN DN PLUS X 18 COMP.REC,4000
7800068012525,TRAL 100 MG/ML GOTAS 10 ML ,2900
7804640560978,HOSPICARE CINTA ADHESIVA ,3000
7804629440000,SALBUTAMOL 100MCG X 200 DS,3000
7800007126962,SULFATO 200MG X 20 COM,1700
7804614931445,DISILDEN 100 MG 5 COMP.REC. [BE] ,5700
7804673040294,DESLORATADINA 5MG X 30 COM,3000
7798026345276,MICROPOROSA TELA 5CM X 9 MTS,3600
7806130006980,TERMOMETRO CLINICO DIGITAL X 1 UND,4900
7800004002542,DOLORUB 5% GEL 60 G. C/APLICADOR ,4000
7800029002046,CUROCEF 250MG/5ML X 100 ML,36500
7804620835713,AILICEC [20/5] MG/ML SOL.OFT.5 ML [BE] ,8000
8901117029637,RISMIA 1 MG 30 COMP.REC. [BE] ,5000
7800026897218,NEORESOTYL 150 MG 30 COMP. ,34000
7800038044471,MACROSAN BIOEQUIVALENTE 100MG X15 CAPSULAS,8000
7795373013322,MICOPIROX 1% X 30 G,15000
7800059005932,TEGOVIR 500MG X 10 COMPRIMIDOS,18000
7804667110385,RIVAROXED 15 MG ,32000
7800038000804,RILEX 15 MG 28 COMP.REC. [BE ,36000
7800007152107,TENSOLIV 30 COMP.REC. ,11800
7800007803801,PREDNISONA 20 MG 20 COMP.REC.,4000
7800018000657,7800018000657,28000
7809604505026,SENSORPLUS DOTTED X 3,2000
7800050003401,RADIGEN RISPERIDONA GOTAS 1MG/ML 30 ML,14500
7804653720253,TOPIVITAE 25MG X 28 COM,11900
7800018000510,7800018000510,15000
7792183020205,MOVIDOL 200 MG 30 CAPS.GRAN.REC. LP ,20000
7803504002791,ECHINACEA VIT X 20 COM,5700
7800044000454,POMADA ALCANFORADA 25 G.,2400
7804673040027,VITAMINA-C 1000 MG 20 COMP.EFERV.,4300
7804945001305,SIMONDS X 125 ML,3200
7800007176394,NAPROXENO SODIO 550MG X 10 COM,2600
7800068010576,BONAVID GTS 30000UI X 2 ML,17900
8903726249291,LEVETIRACETAM 500 X 30,5000
7800059002733,"AGUALA 0,75% GOTAS 10 ML ",4500
4800573052217,GENIOL FLU JARABE 100 ML,8000
7600063000370,GENIOL FLU JARABE 100 ML,8000
8437020503211,MODAVITAE 200MG X 30 COM,35000
7800038041388,BIOGRIP FORTE 15 COMP.REC. (PARACETAMOL+/PSEUDOEFED+CLORFENA,3000
7800068120114,VITDE-800 30 COMP. ,12800
7793640992608,CARDIOASPIRINA 100MG X 50 COMP,10000
7800046004993,AFTA GEL,4000
7800063130163,FLUCLOXACILINA 250MG/5ML X 60 ML,4900
8859263411014,MAMADERA BOCA ANCHA  330 ML,5800
7891317023140,"OLMESARTAN+HCT [BE] [40+12,5] MG 30 COMP.REC.",10300
7804629440598,7804629440598,7000
7804620834303,ESOMEPRAZOL 20 MG  ESTCH  X 30 COMP  REC,3900
7800004004294,LECHUGA BIO-CUIDADO ARGAN MANOS 50 ML,1800
7804653720055,CILOSVITAE COM.100MG.28,12000
7800004004508,YES! GEL OHH YESS 40 ML,5900
7800007479297,CORTIPREX 20MG/5ML X 60 ML,12000
7861073971030,7861073971030,2500
7800063311241,NOSTADEN 5 MG 20 COMP.REC. [BE] ,4500
7804667110279,MEMIKARE 10 MG X 30 COMP,10500
7800004004560,YES! HOT LUBRICANTE SEXUAL LIQU. 40ML,6700
7800068020230,ODATRON 4 MG 2 COMPRIMIDOS BUCODISPERSABLES [BE] (ONDANSETRO,20400
7806519000202,COMODITY PLUS T/XG PA�AL 8 UN.,5000
7804650881520,ATORVASTATINA 80MG X 30,11000
7800061315180,DIPIRONA SOL.INY. 1000MG/2ML X 1 AMP,2000
7804620834440,LOSARTAN 100MG X 30 COM,2000
7800028001873,"BAGOMIGRAL 2,5 MG 10 COMP.REC. [BE] ",16400
7794640172731,ULTRA X 70 G,15000
7800004399567,TAPSIN COMPT. NOCHE. PLV. SOBR. 5 GR,500
7800060005754,AB ANTITUSIVO COMPRIMIDOS MASTICABLES 12,4500
7800004029020,LECHUGA CREMA 150 G,4000
7804659890431,RAYTAN 3% TRICLOSAN JAB.HIG.340 ML C/VALV.,2900
8903726209615,ACICLOVIR [BE] 800 MG 30 COMP.,30500
7891317018405,DESVENLAFAXINA [BE] 100 MG 30 COMP.REC.LP,14000
6921199335534,BEST HOUSE CORTA PASTILLAS 1 UN.,2500
4048846008671,MACRODANTINA 100MG X 40 CAP,18000
7800060166400,BLAXITEC 20 MG 30 COMP. ,19000
7804620832057,"LATANOPROST 005% X 2,5 ML",6300
7800007100146,TRITTICO 100 MG 20 COMP.REC. [BE] ,28800
7800041043980,IBUPIRAC-LC 600 MG 10 CAPS.BDA. ,3600
7804620834488,LOTADIN 5 MG. 30 COMP.,3000
7804673040133,CELECOXIB [BE] 200 MG 30 CAPS.,5000
7501298222660,EUTIROX 150 MCG X 50 COMP,20400
7702418001510,CEBION 100MG X 30 ML,9400
7800060035140,NOVOTEARS X 10ML SOL. OFT.,14000
7794640171758,COREGA ULTRA SIN SABOR CREMA ADHESIVA 70 G.,18000
7891317022785,TADALAFILO COMPRIMIDOS RECUBIERTOS 20 MG,5000
4027269970000,BION3 3 X 30 COM,19500
7800017042399,"CONCOR 1,25MG X 14 COM",10900
78011922,ENO X 100 G,4000
7800044002236,VITALCE 500 MG FRUTOS ROJOS 60 COMP.MAST. ,2700
7500435120067,CLEARBLUE PLUS PREGNANCY TEST,7200
7800059003945,MERIDIAN 25 MG 60 COMP. ,17900
7800007746320,CICLOBENZAPRINA CLORHIDRATO BIOEQUIVALENTE COMPRIMIDOS RECUBIERTOS 10MG.20,1500
7800023226608,CALMATOL JBE.60 ML (ESCHOLTZIA+HINOJOS+MANZANILLA+MENTA+TIL,7400
7800029002480,AEROLIN-LF 100 MCG INH.BUC.200 DOSIS ,27500
7800030005449,FESEMA-LF 100 MCG INH.BUC. 200 DOSIS ,24700
7809599500358,BERODUAL-HFA [20/50] INH.BUC.200 DOSIS (FENOTEROL+IPRATROPIO,24900
7800007155719,COMPRA 5% X 15 G,1700
7800007491152,AMBILAN BID 400/57MG X 70 ML,21500
7891317018467,OLMESARTAN [BE 20 MG 30 COMP.REC.,8700
7800007661258,AZITROMICINA 500MG X 6 COM,4900
7800060003217,OFTABIOTICO SOL.OFT.10 ML (GRAMICIDINA+NEOMICINA+POLIMIXINA,9000
7804629440529,SALBUTAMOL 100MCG X 200 DS,2000
7801000001836,AMOXICILINA 500MG/5ML X 60 ML,4000
7800068017469,SYNALLER 200 DOSIS,13000
7804673040058,MELATONINA 3MG X 30 CAP,3300
7800063110547,AMOXICILINA 750MG X 10 COMP.,3000
7800063130514,OXOLAMINA [BE] 50 MG/5ML JBE.AD.100 ML,3000
7800063000794,NASOLVER X 100ML JBE.,6000
7800044002069,GELCAIN 2% GEL BUCAL 30 G. ,4000
7800018000831,NAPROXENO 550MG X 10COM,1500
7800007806901,CITALOPRAM 20MG X 30 COM,4900
7806519000578,TOALLA HUMEDA BABYCLIN SOFT 80 UND CON TAPA,3800
7800004002313,LECHUGA LECHE CORPORAL NUTRICION INTENSIVA 350 ML,4700
7800004003693,ALL OUT PIOJOS 150 ML,9900
6939663912457,TERMOMETRO DIGITAL X 1 RECOVERY,4000
7804640560633,AMOXICILINA 250MG/5ML X 60 ML,2000
7800004000326,ORALFRESH X 250 ML,2800
7804620834723,GLICOSOL-XR 500 MG 30 COMP.LP [BE] ,6000
7800046005112,AEROGASTROL X 20 CAP.,7000
7804650884873,ZOLPIDEM TARTRATO 10 MG X 30 COMP,11000
7800038045171,NOSPASMIN 5MG ML GTS  ORAL FCO  X 15 ML,3500
7801000001522,AMOXICILINA 500MG 21 COMP DFM PHARMA,3000
6939663913034,TERMOMETRO DIGITAL ANIMALITOS,4500
7800044002052,PASTA LASSAR 50 G. ,2000
7800007409836,KITADOL INFANTIL JARABE 60 ML,11000
7800070000213,LERTUS 75 MG/3ML 5 AMP. ,15000
7803510002396,CIRUELAX FORTE 125 MG 60 COMP.REC. ,8500
7800050002954,DEUCOTOS X 120 ML,8000
7804650880110,QUETIAPINA 200MG X 30 COM,14000
7800038042187,COBEFEN COM X 30,7600
4048846008824,JARDIANCE 25 MG 30 COMP.REC. ,52200
7804664340181,"VENDA ELASTICA ALGODON 10CM X 4,5M 1 UN.",2000
7804620833580,AMBROXOL 30MG X 100 ML,2000
7804620833603,LANSOPRAZOL 30MG X 30 CAP,3000
7804664340976,GASA PARAFINADA 10X10CM,1000
7896015516185,AQUAFRESH FLEX CEPILLO MEDIO ADULTO 2X1,1900
7800068010163,OXILIN 0.05% X 15ML INH.NAS.,7900
7800063120102,CEFRADINA 500MG X 8 CAP,2600
8903726259078,CELERIUM 200 MG 10 CAPS. [BE] ,3000
7803504000537,ALOELAX X 24 CAP,4900
7804673040218,CLOTRIMAZOL+BETAMETASONA CREMA 15 G.,1500
7800004004317,LEBLON BABY-KIDS FPS50 A. E. PROTETOR SOLAR 90GR,2900
7800007794994,TRAMADOL HCL [BE] 100 MG/ML GOTAS 20 ML,2000
10030073,1502202116415,4600
7800068015830,SAE X 6 SUP,10000
7759307541824,MENTHOLATUM UNG.POTE 85 G. ,4800
7804620833627,AMOXICILINA 500MG/5ML X 60 ML,4000
78018686,TABLETAS X 10,2000
7804918500835,INFOR PRO-3 30 COMP.REC. ,7000
8903726195628,ESZOPICLONA [BE] 3 MG 30 COMP.REC.,6000
7800060115330,DOLOVERINA 200 MG 20 COMP.REC. LP ,19000
7800063001524,BROMFIN 8MG/5ML X 100 ML,7000
7800007803733,AZITROMICINA 200MG/5ML X 15 ML,5000
44A6ASJANFE2BA,TERMOMETRO DIGITAL ANIMALITOS,4000
7800026016053,CONGESTEX S.O.120 ML (VITC+NOSCAPINA+PARACETAMOL+PSEUDOEFE,10400
7804620834648,"CLORANFENICOL 0,5% X 10 ML",4000
8859263401121,MAMADERA CON MANILLA X 250 ML,3500
7800063310947,RELATENE 100 MG 20 COMP.REC.ENT. ,3700
7804918451625,BENTLEY JABON INTIMO 250 ML,6300
7805327712017,CAMALEON ANILINA #1 NEGRO,1800
7800068012303,GLAUPAX-XR 500 MG 30 COMP.LP [BE] ,6700
7800026002445,FLUIDASA 600 MG/SOBRE G.S.O.10 SOBRES ,8000
7800018109480,TALCO X 100 G,8700
96079652,GAVISCON 10 X 12,1400
7800061001229,DICLOFENACO 75MG/3ML X 5 AMP.,10000
7794640173233,ULTRA COREGA CR MAX FIJACI�N+FRESCURA 40 G ,11000
7804620834884,LOTADIN 25MG/5ML X 120 ML,2500
7804611060520,TRADIL 400 MG X 10 COMPRIMIDOS,4900
7800007478801,NASTIFRIN 5 X 20 COM,5500
7800063001708,ZOPICLONA 75 MG X 30 COMP ,1500
7800007805638,NUVIGIL COM.150MG.30,32900
7800060015661,TRIOVAL 10 COMP.REC. ,5000
7800018125909,DHIPOGLOS UNG.100 G. ,6000
7800026008126,AKRANTA 8MG X 12CAP,10000
7896026304993,BERODUAL SOL.NEB.20 ML ,20000
7803504000247,MELIPASS 24 CAPS. ,3500
7798026345320,"HIPOALERGIC CLEAR CINTA ADH.TRANSPARENTE 2,50CM X 9M",2400
7804918500927,DESLORATADINA 5MG X 30 COM,3000
78026537,MENTHOLATUM UNG.LATA 36 G. ,2900
7804620832873,ENHORA 100 MG 5 COMP.REC. [BE] ,4000
7809591402919,OLTAN D 40 125  X 30 COMPRIMIDOS,16000
7804620835607,"NEFEX DUO 0,5/,4MG X 30 CAP",14900
7800050306656,CLOTRIMIN 500 MG 1 CAPS.BDA.VAG. ,4500
7501298222653,EUTIROX 125 MCG X 50 COMP,22400
7804651290024,OTIPAX SOL.OTICA 13 ML ,16000
7800063120935,NITROFURANTOINA 100MG X 10 CAP,5000
7800029000271,FLIXONASE 50MCG X 120 DS,16000
7804620835218,LOSARTAN 50MG X 30 COM,1500
7800026565483,TRANEXTON 650 MG 30 COMP. ,37100
7804656600132,GESTEL 200MG X 30 CAP,18400
7800028005536,NASTIZOL DIA/NOCHE X 18 COMP,7500
7800028009374,NASTIZOL 14 COMP.REC. ,4500
7803510000651,CIRUELAX X 10 BOL,3600
5000456013802,XIGDUO XR 5MG/1000MG X 56 COM,39700
7800007801555,ATORVASTATINA [BE] 20 MG 30 COMP.REC.,2400
7800045001825,ALCOHOL 95 X 250 C,1800
7804640560435,CLOTRIMAZOL 1% X 20 G,1000
7800044000072,SUPOSITORIOS 4 X 10,3800
7801000000625,7801000000625,8000
7804636590057,DAFLON 500 500MG X 30,29000
7501298222608,EUTIROX 50MCG X 50 COMP,16400
7804918402405,SKYN X 3,4900
7800060124240,BRONCATOX 60MG/10ML X 120 ML,10000
7800044002038,GLUCOSA 75 X 75 G,3000
7800063000824,PYRIPED FTE 200MG 5ML SUS ORAL X 100 ML FCO,6000
7800059005055,MULTIFLORA GOTAS PROBIOTICAS 8 ML,19900
8903726193358,QUETIAPINA 25MG X 30COM,5000
13117040814,BBTIPS SENSITIVE PAÑALES PARA RECIÉN NACIDOS,4900
7800060412705,EUROVIR FORTE 400MG/5ML X 100 ML,40000
7800026002421,RIBOLAC 200 MG 10 COMP.REC. ,23000
7804920000000,BENTLEY X 50 G,4000
7800060003323,OFTAGEN COMPUESTO SOL.OFT.5 ML ,14300
8033087660012,GENGIGEL REPARACION GEL 20 ML,14900
7612412422795,7612412422795,5000
7804918441336,REXANEL 10MG X 30 COMP.,10400
2 tira aspirina ,300651431681,21000
7800007804013,FEMINOL-20CD 28 COMP.REC. [BE] ,12800
7804679600010,ESAMISOL COMPUESTO X 100ML,7000
7804945075108,BABYLAND RELAX HIPOALERG.210 ML,3000
7804650885917,7804650885917,18900
7804918452615,"MOKIT-OFF KIDS SOLUCION NASAL 0,9% X50ML",8900
8427426041851,PERIO-AID TRATAMIENTO S/ALC.COLT.500 ML (CLORHEXIDINA+CETILP,14000
7800008020191,IVAREST CREMA X 35GRS,8700
7806130200715,JERINGAS 21000MG X 11,500
7800063330556,PLAZOLIT 5MG/ML X 15 ML,4500
4027269958329,VIVERA B 2 X 8 SOB,10700
7804639011108,LAMINAS BUCODISPRESABLES,14000
7800007790309,CIPROFLOXACINO 500MG X 6 COM,1700
7804620833948,ATENOLOL 50MG X 20 COM,700
7800060147102,VALAX 160MG X 30 COM,15400
4005900392602,NIVEA MEN PROTECT & CARE CR.AFEITAR 100 ML,4100
310742038231,MENTHOLATUM MEDICADO GEL LABIAL 8 G.,3700
7801000000624,7801000000624,14800
7800068011092,MAXIMOX 400 X 70 ML,12600
7501298222615,EUTIROX 75 MCG X 50 COMP,16400
7804629440581,7804629440581,9000
7803504404106,PALTO MIEL 4 JBE  AD  X 200 ML FCO,4500
7800061145183,DICLOFENACO INYECTABLE 75MG/3ML X 1 AMP,2000
7800046005259,BISOPRIL 1.25 MG X 30 COM,6000
7800004001545,ORALFRESH CEPILLO DENTAL KIDS,1500
7800060120099,AMOVAL DUO 1000MG/5ML X 50 ML,21900
2602202109024,4005808630646,2500
7806519000516,TOALLA HUMEDA BABYCLIN 50 UND,1700
8903726249321,DULOXETINA [BE] 30 MG 28 CAPS.GRAN.REC.ENT.,10000
7804918402702,RIGOTAX 10MG x 30 CAP. BL,8100
7800060001848,"CIPROVAL 0,3% X 5 ML",20000
7804918450031,PRESERVATIVOS X 3,3300
7804945015401,SIMONS X 15 G,8400
7800008010628,URICONT 5MG X 100 COM,20000
310742018400,MENTHOLATUM LIP ICE NATURAL ICE SPORT SPF30,2500
7800007808264,LACTULOSA SOLUCION ORAL 66.7% X 200ML LAB CHILE,6000
7804616660121,SUPLALIM X 30 CAP,3600
7800063111513,TRIMEBUTINO ,1800
6921199149599,PROTECTOR DE PEZON SILICONA,5800
76660300217,FIXODENT PLUS CREMA ADHESIVA ORIGINAL X 57G,14000
7800023226479,VERMOIL 40 MG/ML S.O.10 ML ,6800
7800023226462,VERMOIL 200 MG 6 COMP. ,17100
7800060011656,OTICUM X 5ML SOL.OTO.,12000
7804640560411,CLOBETASOL 05% X 25 G,2100
4027269969899,AGUJA HIPODERMICA 19GX 1 1 2 X100,10000
4968420500998,AGUJA HIPODERMICA 19GX 1 1 2 X100,10000
5290931032187,MEMANTINA BE 20 MG 30 COMP.REC.,14900
7804673040393,ACICLOVIR 400 MG X 35 MG LAB CURAESPRING,4600
7800060407954,TREX 200MG/5ML X 15 ML,11500
7804620834846,DISAC 20 MG ESTCH X 4 COMP REC,16000
7804918403679,RIGOTAX D X 30 CAPSULAS,16200
7804918500279,LEVORIGOTAX 5 MG 30 COMP.REC. [BE] ,8300
7800007808981,ISOTRETINOINA 20 MG X 30 CAPSULAS,20000
7800007122384,METILDOPA 250MG X 20 COM,3500
7800041043409,GASTROLEN 30 COMP.REC. ,8900
7896004758015,INFLADER 10 MG 30 CAPSULAS BLANDAS  ,25500
7800007100306,TRITTICO 25MG X 20 CAP,27900
7800007808424,ROSUVASTATINA 20MG X 30 COM,9400
8901530003863,CELECOXIB 200MG X 30,6000
7804620836086,AZITROMICINA 500 MG X 6 COMP. REC. OPKO,4000
7804679600003,FLEMIBRON JARABE,9000
7800060005723,AB COMPRIMIDOS MASTICABLES 5 MILIGRAMOS 12,4100
7804620836116,IBUCALM 600 MG X 20 CAPSULAS BLANDAS,4800
8859263442025,MAMADERAS PP 240 ML 2 UN.,3100
2610200150016,PENCIL PLUS TEST EMBARAZO X 1 UN.,3600
7804945017382,SIMONDS B.CARE VIT-E T.HUM.60 UN.RPTO.,2300
7800063120263,KETOPROFENO 50MG X 20CAP,1000
7800038001054,7800038001054,1000
310742006247,CALORUB FORTE POMO 35 GR,5600
7730969306648,VIADIL INYECTABLE 1 AMP X 1 ML,5000
7800007805324,ALERXO FORTE 180 MG 30 COMP.REC. [BE] ,27000
7800007802279,LEVOFLOXACINO 500MG X 7 COM,5200
7804902038665,ETIENNE NAIL POLISH REMOVER HIDRAT. S/ACETONA QUITA ESMALTE ,4000
10022344,10030035,1000
7800028002764,PIRONAL-FLU FORTE 12 COMP. REC. ,10600
5000158069114,GAVISCON MENTA 500MG/10ML X 300 ML,16700
5290931031753,MEMANTINA [BE] 10 MG 60 COMP.REC.,15400
7730969301162,"CHELTIN 150/0,6MG X 30 COM",16800
7800008780767,CELECOXIB 200MG X 30 COMP,10400
7800007144430,LIDOCAINA GEL 4 15GR,5000
7804900000367,PANADOL 160 MG/5ML JBE.PED.60 ML ,5900
8902281611239,ARIPIR 10MG X 30CMP,7900
7800060015685,TRIOVAL S.O.100 ML ,10500
48341991007,SWISS BEAUTY ALGODON MOTA 100 UN.,1400
7800008000445,"BLISTEX 15 X 4,25 G",3900
7800008001015,CASEN ENEMA INFANTIL 66 ML 1 UNIDAD,6300
7800045002006,ELITE X 60 ML,1500
7800060017245,AMOVAL 500 MG 21 COMP.REC. [BE] ,17600
7800063330075,TULOX 28 MG/5ML JBE.PED.100 ML ,4500
7800007759221,METFORMINA 850 MG X 30 LABORATORIO CHILE,1000
7800062001815,SOLC GLUCOSA 5 X 500 ML X 20 APIROFLEX,5000
4799020771064,PALITOS DE ALGODON X100 ,1000
7800046004979,GESIPROCT X 30 G,9000
8433042022525,DISLEP 25 MG X 20COM,18000
7800018169118,RISPERIDONA [BE] 3 MG 100 COMP.REC. [SPIRON],27400
7800038042200,COBEFEN JBE. 120 ML ,10100
7800050002510,GLIDANIL 500MG X 30 COM,4400
7800018157023,ACIDO VALPROICO 500 MG 30 COMP.REC.ENT.,7700
7800008040014,GYNOPHILUS 250MG X 12 CAP,8500
7800007804853,FLUCONAZOL [BE] 150 MG 4 CAPS.,4400
7800063116792,HIDRALAZINA 50MG X 20 COM,3100
7804620834433,ESCITALOPRAM 10MG X 30 COM,3300
7800026025499,FLEMEX JAT FORTE JBE.120 ML [BE] (CODEINA+PSEUDOEFEDRINA+CLO,15200
7800008000469,BLISTEX 15 X 4,3500
7804667110026,REDISTATIN 10MG X 30 COM,3500
78026520,MENTHOLATUM X 18 G,1800
7800007771193,HIEDRIX 35MG /5ML JARABE FRASCO 100ML,4500
7800063310862,BUCOGERM TOS COM MAST 10,3500
7800059001613,MERIDIAN 25 MG 10 COMP. ,8900
7800004004836,DOLORUB CREMA IBUPROFENO 5% 60 GR,4400
7800007805676,TENSUREN 40MG X 30 COM,7000
7800007142498,NISTATINA METRONIDAZOL 10000UI X 10 OVU,10600
7898185410096,DENTALCLEAN CEPILLO DE VIAJE SUAVE X 1,2000
8437019299118,SLINDA 4MG X 28 COM,19000
7800004227426,ARMONYL DIA X 30 ML,3400
7800008780743,CELECOXIB 200MG X 10 CAPS,3600
4005800154188,PARCHE 1 X 18 CM,4900
7804633500622, AMOXICILINA+AC.CLAVUL.875/125MG X 14 COMP.REC,6500
7804614931964,LAMOTRIGINA 100 MG X 60 COMP IPHSA,15000
7800060416611,TREX FTE.X 30 ML SUSP.ORAL,24000
7804620833351,METFORMINA 850MG X 30 COM,2300
5997001364574,ROSINA CD 28 X 28 COM,11600
7800018129235,CEFRADOXILO 250MG/5ML X 60 ML,3000
7809605500068,FENOTEROL+BROMURO IPRATROPIO SOL P NEB X 20 ML FCO,12500
7800018128221,DHIPOGLOS UNG.72 G. ,9400
7500435120050,CLEARBLUE DIGITAL TEST EMBARAZO,10000
7804918410622,SILIGAZ 10 MG/ML GOTAS 20 ML ,3400
7804918451991,CREVET LIGHT NARANJA 1000 MG P.S.O.10 SOB. ,3100
7804900000374,PANADOL INFANTIL 160 MG/5 ML X 90 ML JARABE,9700
7804620833900,AMOXICILINA+A.CLAVULANICO [BE] [500+125] MG 20 COMP.REC. ,10000
7804918441312,NEOALLEDRYL D 25MG X 30 COM,10400
7800063330068,TULOX 50 MG/5ML JBE.AD.100 ML ,4000
7798026345023,PARCHE CURITA C/APO.PROT.PLATA CAJA MIXTA 20 UN.,1600
7800004004058,ARMONYL NOCHE 200MG X 60 COM,7400
8427426041813,PERIO-AID MANTENIMIENTO S/ALC. COLT.150 ML [BE] (CLORHEXIDIN,6200
7460536562589,DETRUCALM 200 MG 10 COMP.REC. ,9000
7806130200692,JERINGA LOCK 5ML C/A 21G X 1 1/2 CJ X 100 UN.,600
7800068014703,FISIOLIMP 0.9% X 30ML INH.NAS.,8000
8437010511080,PHB C/CERA HILO DENTAL 50 M.,4700
7800007153500,"COLCHICINA 0,5MG X 40 COM",3100
7800023226424,VATANAL X 10 SUP,12500
7800060118782,ALEXIA FORTE 180 MG 10 COMP.REC. ,19400
7891317145972,"SOP 2,0/0,035 21 COMP.REC. [BE] (ETINILESTRADIOL+CIPROTERONA",12400
5206901000742,SUBELAN XR 75MG X 30 CAP,27100
7800026016107,CONGESTEX 10 CAPS. (VITC+NOSCAPINA+PARACETAMOL+PSEUDOEFEDRI,5000
4104480705199,ABRILAR JARABE 35 MILIGRAMO/5ML 100ML,6700
5290931004344,AMOXICILINA+A.CLAVULANICO [BE] [875+125] MG 14 COMP.REC. ,10000
7804673040270,"DICLOFENACO GEL 1,16MG X 30 GR.",3000
7800046002418,BISOPRIL 125MG X30 COMP,8500
300651431681,JARDIANCE 10MG X 30 COM,32000
8903726214817,ESCITALOPRAM 10MG X 30 COM,4500
7800018171982,DVIDAMAX D3 1000MG X 1000 MG,20000
7794640170904,SAL FRUTA 5 X 5 G,300
8710428013705,ENSURE X 850 G,20400
7800068031120,FLUNARIZINA 10MG X 30 COM,6700
7800068015953,GINECOPAST 20 X 10 OVU,12700
7809591401691,KETANOR SL 30MG X 4 COM,10800
7803504002562,COLLAGEN D3+ MAGNESIUM SACHET X 10G X X 30,23500
736085415186,THRIVE SOL OFT,3000
7800063111124,KETOCONAZOL 200MG X 10 COM,3100
8903726250488,DULOXETINA 60 MG,10000
7800007801548,ATORVASTATINA 10MG X 30 COM,1800
7800046005167,MELATONINA 3MG X 30 COMP.,4000
7803504005808,ARNIKADERM GEL 10,7000
7804640560497,SULFA G X 30 G,8700
7804633500134,GENTAMICINA 0.3% X 3.5G UNG.OFT.,8000
7800004506149,ARMONYL NOCHE X 30 ML,3500
7800063001098,SOLUNA 28 75MCG X 28 COM,8800
7805327712079,7805327712079,3000
5000158067738,GAVISCON MENTA 250 X 8 COM,2500
7800018000770,COLMAX 125 MG  X 10COM,2000
7804616660046,ACTIVON 3 X 30 COM,6400
7806130200708,JERINGA LOCK 10ML C/A 21G X 1 1/2 CJ X 100 UN.,11400
8901117267640,OSELTAMIVIR 75 MG X 10 CAPSULAS,20000
7800007702548,"CLONAZEPAM [BE] 2,0 MG 30 COMP.",5500
7800007802095,SERTRALINA 100MG X 30 COM,5700
7800044000393,TINTURA VALERIANA 20% X 20ML GTS.ORAL,2700
7800028210350,NASTIZOL COMPOSITUM 100ML JBE.,11600
7800004507153,TAPSIN PURO 500MG X 24 COMP.,1600
7800068032738,PREDNISONA 20 MG X 20 COMP PASTEUR,3600
7800038000781,ASCORBIL 1000 MG X 10 CMP.EFRV.,4000
7800060008366,ELIXINE 80MG/15ML X 250 ML,22500
7800063110639,CIPROFLOXACINO 500MG X 6 COM,1500
7804620834945,AMLODIPINO 10MG X 30 COM,2300
7804918450208,7804918450208,2300
7800007649126,LORATADINA [BE] 10 MG 30 COMP.,900
7804640561630,LEVOTIROXINA 100 MCG X 50CMP,8000
5997001360484,"EVITTA-1 1,5 MG 1 COMP. [BE] ",11400
7800068030604,CLOTRIMAZOL 500MG X 1 OVU,2700
7800034510840,COLMAX 125MG X 10 COMP.,1500
7804640561975,ILIVE 04 SOL OFT X 10 ML FCO GOT,8700
7805750001900,REDOXON DOBLE ACCION 10 COMP.EFERV. ,3000
7804640561906,CETIRIZINA 10 MG X 30 COMP REC,3500
7804918401460,"MERPAL 1,16% GEL 30 G. ",5400
7804657990362,CLORANFENICOL SOL OFT 0.5% 10 ML,4000
7800007698414,KETOROLACO 10MG X 10 COM,1600
7800038000071,VITAKRON X 30 COM,9600
7891317006396,BETINA 16 MG 30 COMP. [BE] ,20800
7800063120201,FLUCLOXACILINA 500MG X12 CAP,3000
7800068013102,LEVUCAL 500MG X 30 COM,3700
7801000001508,VENLAFAXINA 150 MG CJ X 30 CAP C MICROGRAN REC LP,11600
7800097002696,"ALCOLEX 0,1% X 200 ML",3500
7804640560947,"HOSPICARE CINTA ADHESIVA PLASTICA 2,5CM X 1 UN",3000
7800004507887,PROLONG 1000 SPRAY TOPICO11.5%,11000
7800028841486,BREVEX 20 COMP.REC. ,11600
7800018000930,ACIDO VALPROICO 250MG X 20 COMP,4300
7800004303434,MULCATEL SUSP 10% FCO X 200ML,10600
7800017002317,"BION X 5,1000 MG",17900
8903726269497,ATORVASTATINA 20MG X 30 COM,3100
7809591400113,XUMADOL SBR.EFV.1GR.20,10000
7501298222592,EUTIROX 25 MCG 50 COMP. [RT] ,11600
7804620834259,ALIVIDOL 500 MG 24 COMP. [BE ,1000
7861073971177,FLAPEX GOTAS 4% X 15ML,14900
7800038000491,GLUCOSAN-XR 1000 MG 30 COMP.REC.LP [BE] ,8700
7800063160153,"GENTAMICINA 0,1% X 10+5 G",3800
7800038000811,RILEX 10 MG 10 COMP.REC. [BE ,10000
7806519000493,FACECLIN TOALLA HUMEDA DESMAQUILLANTE 25,2500
7898185411918,CEPILLO X 0,1600
7806519000028,HIGIECLIN SABANILLAS 90X60CM 6 UN.,4100
7800018000954,CLARIMIR 0012 SOL OFT X 15 ML FCO GOT,4600
7800063120195,CLOXACILINA 500MG X 6 CAP,1600
7804667110316,"CILOKARE 12,5MG X 30 COM",10500
7502253072559,TABLETAS X 30,7600
7804620832859,ENHORA 50 50MG X 5 COM,5500
7804620834891,DOXICICLINA 100MG X 10 CAP,5600
7800068013508,METROPAST 500 MG 10 COMP. [BE] ,6000
7501871721412,CONTUMAX PVO SOBR.17GR.15,20000
7800007114525,AMITRIPTILINA 25MG X 24 COM,2500
8427030006468,ENSURE ADV X 850 G,23000
7793640216537,ASPIRINA 100MG X 98 COM,7900
8903726198612,ARIPIPRAZOL [BE] 15 MG 30 COMP,19500
7794640171420,COREGA 3 X 30,6600
7804640561838,IBUPROFENO 200MG/5ML X 100 ML HISPOFARMA,6000
7806130011267,"PARACET/TRAMADOL 325/37,5MG X 30",4000
7804918441404,7804918441404,9000
7804918500040,"MERPAL SP.1,16% 110ML",9200
8427426001565,PHB 9 X 1,4500
7501125100130,SUERO 09% X 500 ML,5000
7800068010422,CORTYK 4 MG 10 COMP. ,8700
7804625951746,INVICTUS 20 MG 2 COMP.REC. [BE ,12700
7800004001071,LECHUGA PETALOS DESMAQUILLANTES X 50 UN,2800
7793640211242,ASPIRINA 500 MG ESTCH X 40 COMP,5400
3107420076404,"MENTHOLATUM ANALGESICO DENTAL 3,7 ML ",6600
650240007019,MEDICASP 1% X 130 ML,10500
7800046004849,MAREAMIN 100MG X 20 COM,6800
7800062001907,AGUA 5 X 5 ML,1300
7800059003648,FUNGOPIROX 1% X 30 G,6200
8903726233870,VALTERO 500MG X 10 COM,18700
7800060144941,TOL 12 FORTE 12 X 3 AMP,8000
78011915,ENO X 100 G,4500
7800063120188,CLOXACILINA 500MG X 12 CAP,3000
7800004501953,TAPSIN NOCTURNO X 12 COMP.,2000
7804918400357,FASARAX 10MG/5ML X 120 ML,4200
7800060111349,AMOVAL 500MG C/SOLV.X 100ML SUSP.ORAL,26900
7800063110905,MEBENDAZOL 100 MG X 6 COMPRIMIDOS MASTICABLES,3700
7800059002511,ALOPEK 5% X 60 ML,18500
7800004002511,LECHUGA ANTIAGE Q10CREMA MANOS 75 G,3400
7800007367655,FLUOXETINA 20MG X 20 COM,1500
7800050003081,GESIDOL 1000MG X 20 COM,5400
7800040047130,7800040047130,3500
8437020503020,TADAVITAE 5MG X 14 COM,12000
7809591402957,FOLACID 1 MG X 90 COM,9900
1103202008580,MUñEQUERA AJUSTABLE NEOPRENO TALLA UNICA,8800
7800046002395,ZOPERIL 7.5MG X 30 COMP.,3500
7800068013515,METROPAST 500MG X20 C0MP,16000
7800045001849,ALCOHOL 95 X 1 L,5900
7800044001840,TRO 60MEQ X 10 SOB,6700
7800007154071,PRIMIDONA 250MG X 50 COM,6800
7804918452592,BENTLEY DULCE DE LECHE GEL,6100
7804664340488,GP PARCHE CURITA REDONDO RETAIL 100 UN.,1000
7800001004464,DEPO PRODASONE 40MG/ML X 1 AMP,27000
7891317022808,TADALAFILO 5MG X 30 COMP,27000
737186233587,CITRATO DE MAGNESIO X 90CAPS,8000
7804918402870,LIFESTYLES SKYN INTENSE FEEL 6 UN.,11000
7800008010192,SICADOL FORTE 500MG X 10 COM,2700
7800004001101,"DOLDENT 7,5% GEL 10 G. ",4900
8436024613407,BILIDREN 10 MG 30 COMP.DISP. ,20200
7804918450314,7804918450314,2700
7804664340150,VENDA DE GASA 12CM X 4M 1,1500
5000158069633,GAVISCON ORIGINAL S.O.12 SACHET 10 ML (ALGINATO+BICARBO+CARB,11000
7803510773319,CIRUELAX JAL.150GR,5300
8027950170173,FORXIGA 10MG X 28 COM,36900
7806519000509,COMODITY TOALLITAS CARE ADULTO XG X 45,4300
7800018000350,CLONIXINATO DE LISINA 125 MG 150 COMP.REC. [COLMAX],1000
5290931031746,PREGABALINA 150 MG X 30 CAP,8000
7804614931858,TERBIMIC 1% X 20 G,3600
7809591401233,BRONCARD 60MG/ML X 15 ML,13000
6223003730925,Kemagel Gel Amorfo Esteril X 15 G,2700
7800007659279,CLARITROMICINA [BE] 500 MG 14 COMP.REC.,5700
7800070004235,DIVANON 100MG X 3 CAP,14600
7804918401842,PRESERVATIVO SKYN ORIGINAL X 6,9600
8436024610116,BILIDREN 20 MG 30 COMP. ,21600
7800063001432,TRAMADOL 50MG X 10 CAP,3200
7800060119918,AMOVAL DUO 1000 MG/5ML P.S.O.90 ML C/SOLV.,24000
7800018185941,DVIDAMAX 50000UI X 1 VIA,13000
7804620833597,BROMHEXINA 4MG/5ML X 100 ML,1900
7804640561609,LEVOTIROXINA SODICA 25MCG X 50COM,7600
7800063110615,ERITROMICINA 500 MG X 8 COMPRIMIDOS RECUBIERTOS,3100
7800007141927,CLOTRIMAZOL 100MG X 6 OVU,2600
7800007806222,PARACETAMOL 500MG X 80 COM,5000
6921199336906,CORTA PASTILLAS Y TRITURADOR X 1,3400
7804633500042,TESTOSTERONA 250MG/ML X 1 AMP.,26000
7804620833818,AMOXICILINA CLAVUL 875/125MG X 20 COM,14700
8903726214312,TENOFEM 200/300 X 30 COM,59000
7800007806635,QUETIAPINA [BE 25 MG 30 COMP.REC.,5000
7730963250893,"POSTPIL 1,5MG X 1 TAB",10000
7804650880219,ANZAP 10MG X 30,17000
7800008102989,CELEDOX 200MG X 10 CAP,3900
1103202008597,RODILLERA ELASTICA TALLA M,10300
8437002591663,PHB SUPER 6SENSIBLE X 1,3900
7800007485694,RESTOL10 10MG/ML X 20 ML,3600
7795373022126,BUTOCORT-HFA INH.BUC.250 DOSIS ,16100
7804918500088,MUCIVIL 1% SOL.TOP.15 ML ,4400
7800063310084,TRELIBEC FORTE 800/160 MG X 10 COM,12600
7800068013195,"MELOXICAM 7,5MG X 15 COM",1700
71603135536,TRIM EASY HOLD ENCRESPADOR PESTANAS 7-82B/9577,5700
7809558101763,STEVGIA CHICO,2000
7804640561562,PREDNISONA 20MG/5ML X 60 ML,7000
7800062005066,CLORURO DE SODIO 1000 ML 0.9% ,2500
7800007615817,RIPOL 50MG X 1 COM,1400
7795380002388,PLUSTER 50MCG X 120 DS,8600
73010710511,TAMPAX REGULAR X 8,3400
7898586631182,COSOPT 1 X 5 ML,15000
7804620835171,TRIBUTAN X 20 CAP,6000
7800004003747,YES! X 30 ML GEL.VAG.,7100
8906031059104,LACTULOSA 66.7% X 200ML SOL.ORAL,3600
7804918500842,LEVORIGOTAX FORTE JBE 5MG/5ML  X 120ML,16600
7800007118271,"DIGOXINA [RT] 0,25 MG 30 COMP.",2500
7800045001832,ALCOHOL 95% X 500 ML,3800
8850217007963,B H CHUPETE PACIFIER CON TAPA 0+ MESES X 1,2900
7800063000817,"NIPOLEN 2,5MG/5ML X 100 ML",8600
7804614931223,ALGIASOL FORTE 200MG/5ML X 100 ML,9900
7800018000442,DICLOFENACO 100MG X 8 CAP,500
4987188509067,SALONPAS PARCHES 65 X 42 CM ESTCH X 10 UNDS,3900
7800063330198,MINTAMOX 30MG X 100,3900
7800028081110,RINOBANEDIF UNG.NAS.10 G. (BACITRACINA+ANTOZOLINA+NEOMICINA,15400
7800004003037,TAPSIN INSTAFLU DN X 18 COMP. ,4500
7800063130033,NOSCAPINA 5MG/5ML X 100 ML,2900
7804673040065,AMOXICILINA 250MG/5ML X 60 ML,2400
7800063330341,FACIMIN 05% X 10 ML,11100
7800004340453,ORALGENE 012 COLUTORIO X 500 ML FCO,8900
7502253072795,PHILLIPS S.O.120 ML,5500
7804620834594,CLOTRIMAZOL 1% X 20 G,1600
7800007770974,SINASMAL-SF 100 MCG/DOSIS INH.BUC.200 DOSIS ,12600
7804625490443,AEROCAMARA PEDIATRICA VALVULADA 450ML,5900
7800026025079,CLUVAX 100MG X 3 CAP,13700
7800028005031,CORITEX FORTE 1 MG/ML GOTAS 50 ML ,23400
7804614931216,DESLORATADINA 2.5MG X 60ML JBE.,6000
7793640992554,ASPIRINA 100 MG 98 COMP. [RT ,8900
7800004004126,TAPSIN 1000MG X 20 SOB,7400
7804918452608,MOKIT-OFF X 50ML,8900
7804918402054,CLARAGINE COM.16,4100
2610200150023,CASSETTE TEST EMBARAZO X 1 UN.,3100
310742006230,CALORUB NUEVA FORMULA CREMA 35 G. ,5000
7800023226455,VERMOIL 200MG X 2 COM,5500
8903726287682,ESOMEPRAZOL 40 MG X 30,7000
7800068012099,"FISIOLIMP FORTE 0,9% X 50 ML",8700
7804640561647,LEVOTIROXINA 150 MCG HOSPIFARMA,7000
7804900000299,PANADOL 500MG X 12 COM,1600
3583316669293,44A6ASJANFE2BA ,1000
7800007711458,KITADOL 160MG X 16 COMP.,4000
7800007771353,IBUPROFENO [BE] 600 MG 20 COMP.,1200
7800004001798,BIOFLORAS 250MG X 10 CAP,10000
7800007695314,OXOLAMINA  28MG/5ML X 100 ML,1800
4 uni disilden 50 ,JERINGA 5 X 100,500
4048846003836,ATROVENT 20MCG X 200 DS,24000
7800023226431,VATANAL X 20 G,11500
7804633500721,7804633500721,1500
7800063120041,AMPICILINA 500MG X 10 CAP,1600
7800063330181,MINTAMOX 15MG X 100,4000
7800063330648,BRONTEC 35MG/5ML X 100 ML,4900
7804629440338,FORFLOW X 133 ML,3800
7800004032853,DOLORUB 18 X 1 PAR,3200
7804640561739,"KETOPROFENO 2,5% 60G",5000
7800007807038,"FINAPROST 30 CAP 0,5/0,4 MG",20000
7800062001990,"SODIO CLORURO 0,9% X 100 AMP",500
8901117029620,RISMIA 3MG X 30 COM,5500
10030035,10030073,1000
7804635810057,7804635810057,500
8903726191286,CLOPIDOGREL 75MG X 30 COM,9000
7804650884194,CLOPIDOGREL 75MG X 30 COM,9000
7804650884712,7804650884712,9000
7804640560831,"GENTAMICINA 0,3% X 5 ML",3900
7804640560664,"CARMELOSA 0,5% X 15 ML",2800
7804635540466,CITRATO DE MAGNESIO+OXIDO ZINC 250/11MG EFERV X 5 G,16000
48341980506,PÉTALOS ALGODÓN DESMAQUILLANTE MAXI X 60 UNIDADES,2400
7800063000770,GENIOL P FLU X 100 ML,6000
7804640561524,LEVONORGESTREL ETINILESTRADIOL 150 X 28 COM,3000
7800004004805,VITAPOVIN POVIN X 10G,1500
7800026009758,PLEXUX X 120 ML,15000
7800044000010,SUPOSITORIOS 1 X 10 SUP,2600
7804635130100,JERINGA 60ML,2000
7800060007642,DIAREN 500MG/5ML X 100 ML,15800
77500403,MENTHOLATUM X 30 G,3700
7800028001286,"DEGRALER 2,5MG/5ML X 100 ML",14500
7800068011023,CLATIC 250MG/5ML X 80 ML,16500
7800068010415,BALSAMO X 15 G,2700
7800007386526,NASTIFRIN 500MG X 10 COM,3400
7804659890158,RAYTAN BALSAMO LABIAL MENTA SUAVE FPS 15 X 8 G,3000
7800004004546,7800004004546,6000
7801000277750,POVISEPT 10% X 30 ML,1800
7800060011205,DERMABIOTICO UNG X 15 G,10400
7800046002029,BETAMETASONA 05% X 15 G,1500
8437020503204,MODAVITAE 100MG X 30COM,18000
7800063132327,SPRINGLIFE 330MG X 60 CAP,4600
7800050003180,DESDOL X20 COMPRIMIDOS,5000
8903726195529,MONTELUKAST 10MG X 30 COM,10000
7801000236160,VASELINA SOLIDA BLANCA X 80G,1500
7804633500615,"ZEROLERG 0,05% X 15G CREM",1500
7501125181801,ONEMER 30MG/ML X 3,5000
 ampolla diclofenaco , AMPOLLA DICLOFENACO ,1000
7801000002093,ALCOHOL DESNATURALIZADO 70 X 1 FCO  50 ML,1000
7795373030602,RINOKID 3% SOL.NAS.25 ML ,10600
7509552839791,ESMALTE EFECTO GEL,2500
7800068031137,FLUNARIZINA 5MG X 30 COM,2500
7800070004372,PROLERTUS 140MG X 10 CAP,11200
7804653720260,TOPIVITAE 50 MG X 28 COMP,15500
7804918403686,RIGOTAX-D 10 CAPS.GRAN.LP ,8100
8903726259085,CELERIUM 200MG X 30 CAPSULAS,6500
8904159675589,ATORVASTATINA 20MG X 30 COM,1800
48177,OBLEAS X 5 UNI,2500
1103202009020,MUÑEQUERA AJUSTABLE TEJIDA COLOR PIEL TALLA UNICA,7400
7800007782397,AMOBIOTICDISPERSABLES 1000MG X 14 COM,11700
7803504005051,GINEMAXIM 40MG X 60 COM,11800
7804650884620,AMOXICILINA ACIDO 875/125MG X 14 COM,10100
7804633500424, FLUCONAZOL 150MG X 2 CAP.,2200
7891317131821,BETAVOL 2MG/ML X 1 ML,20000
78030107,PIRETANYL X 10 COM,1700
7800068031908,METAMIZOL SODICO 250 MG 5 SUP. ,1600
8902281611383,ALOPURINOL 300 MG X 20,2900
7891317018474,OLMESARTAN [BE] 40 MG 30 COMP.REC.,14000
7804900667539,ETIQUET X 60 G,3200
7800068015939,GINECOPAST 150MG X 10,10900
4005808630646,4799020770081,1500
7800007803795,PAROXETINA [BE] 20 MG 30 COMP.REC.,7000
7800038042729,ENTEROL-S 250 MG P.S.O.10 SOB. ,9300
7800026009802,PLEXUS X 30 COM,10900
7804640562033,7804640562033,5000
7800062002324,"CLORURO DE 0,9% X 10 ML",1500
7800046004528,TIRIZ 5MG X 30 COM,5600
7800004340446,"ORALGENE 0,12% X 120 ML",6900
7804614931810,TIGINA 500MG X 20 COM,9600
7800007774101,AZITROM FORTE 400MG/5ML X 30 ML,17800
7800060110885,CLAVINEX DUO 400 X 35 ML,13600
7805854000106,7805854000106,2500
7803501004118,MELATONINA 3MG X 30 CAP,5000
7861073970613,ADORLAN 25 X 10 COM,6500
4710693250762,BEST HOUSE ASPIRADOR NASAL CON DEPOSITO X 1,5600
7800044001833,TRO 60MEQ X 0,900
7809604500397,PRESERV. SENSOR PLUS XL X 3 UNI,2000
7795380000872,ACEMUK 100 MG/5ML P.S.O. 100 ML ,12000
7800059006052,"MIRAGRAN 2,5MG X 10 COM",11300
7800057000991,INDOMETACINA 25MG X 24 COM,4100
7800029002015,AQUAFRESH T.PROTECTION C/FLUOR MENTA 126 G.,2900
7794640172311,AQUAFRESH WHITE SHINE 96 G,2900
7800060412545,TREX FORTE 400 MG/5ML P.S.O.20 ML ,22400
2*sales ,LIP ICE PROTECTOR LABIAL MENTOLADO SPF15+,2900
10742206011,"MENTOLATHUN X 1,5 G",4100
8427030003207,SIMILAC SENSITIVE SIN LACTOSA X 375G,14000
78016118,WILKINSON MAQUINA AFEITAR,1000
7800046002425,"BISOPRIL 2,5 MG 30 COMP.REC. ",10700
7861148022285,SYNDOL-SL 30 MG 4 COMP.SUBL. ,10600
7800026006818,BIOGAIA X 5 ML,21400
7800026025505,FLEMEX X 120 ML,15600
7804664340426,GASA 10 X 10 CM,2500
5997001361887,TEJANIA 28 075MG X 28 COM,7000
7730969301339,MIGRANEFERSIL 125/1MG X 10 COM,8400
8903726208847,QUETIAPINA [BE] 100 MG 30 COMP.REC.,3300
8904159675770,RIVAROXABAN 15MG X 28,29000
7800060040069,OFTOL PLUS X 5 ML,18500
8903726220436,FLUSACORT 250/25 INHALADOR X120DOSIS,29000
7801000260707,DICHLOREXAN 2% X 250 ML,5000
7800004001255,DOLORUB HILOS COBRE 12 X 1 PAR,6000
7804918500293,INFORTIN X 170 ML,8900
8903726193556,VALSARTAN 160MG X 30 COM,12300
300653145357,OPTI-FREE EXPRESS 120 ML,5000
7800026029398,WINASORB 100 MG/ML GOTAS 25 ML ,4800
7800007670595,SERTRALINA 50MG X 30 COM,2700
7800068120107,VITDE 500 500 X 30,9600
7800007746832,COMPRA 400MG X 35 COM,7000
7800063115856,ESCITALOPRAM 10MG X 30 COM,5000
10030462,ALCOHOL 70% X 125 ML,2500
7800038040510,AGUA X 30 ML,3700
7794640171734,ULTRA X 20 G,9000
7800063000831,SALBUTAMOL 2MG/5ML X 100 ML,2200
7804616660343,VITAMINA-C 500 MG 60 COMP.,3500
8410412028516,BABARIA JABÓN INTIMO ALOE VERA X 300ML,5900
8436024613414,"BILIDREN 2,5MG/ML X 120 ML",18500
7800008000834,TREXXIA ETORICOXIB 120 MG X 7,8000
7804620832811,LORATADINA 10MG X 30 COM,2000
7663504404113,PALTOMIEL PEDIATRICO X 125 ML,4900
756058759000,756058759000,4900
-60000,0,0
7803504003125,PROPOLIS KIDS SPRAY SABOR FRUTILLA X 15 ML,4000
7800063330495,ELITIRAN 15MG ML GTS X 25 ML FCO ,4400
7806130005266,TRESOR GUANTE DE LATEX TALLA L X 100,11900
-13000,0,0
7804616660787,PROPOLEO MIEL CARAMELO X 10,1500
-4500,0,0
5997001370117,"DIONELA 28 0,15/3MG X 28 COM",8800
7800046005136,ESC 20 MG X 30 COM,8900
7501298223803,NEUROBIONTA DC 10000 SOL. INY. 3 JERINGAS PRELLENADAS,16000
7804640561494,PARACETAMOL AC X 10 COM,2900
7804640561883,MOMTOP UNGUENTO X 30G,5000
7806545000115,PANAL ADULTO UNITALLA CINTURA 130CM C GEL PAQX8,8600
8901790710747,CLARITROMICINA POLVO GRANULAR SUSP 250MG 5ML 60ML,8300
7800041047643,NASTUL GOTAS 15ML ,5900
7800004004706,7800004004706,4000
7794640171710,COREGA X 20 G,6200
7800068012327,GLAUPAX XR 1000 MG 30 COMP. LP ,11900
7804653720567,NEBIVITAE 5 MG 28 COMP. [BE] ,13400
7800018129228,CEFADROXILO 500MG X 8 CAP,2100
7804673040003,VITAMINA C 500MG X 30 COMP MAST.,2100
7800060111264,AMOVAL 250 MG/5ML P.S.O.100 ML ,15000
7800068012143,"FISIOLIMP 0,9% X 100 ML",13900
7809591401783,FOLACID 5MG X30 COMP,4600
7800007808790,KITADOL-DUO 10 COMP.REC. ,3500
7800004507825,TAPSIN PERIODO 500MG X 12 COM,2500
7891317129491,CLAVAN DUO 400MG/5ML X 70 ML,13400
7804918500910,AVIATUS 30MG/5ML X 120 ML,10000
7800007388735,ATENOLOL50 50MG X 20 COM,700
7800068010774,AC JBE.120 ML ,5500
7804650881186,ARIPIPRAZOL 10MG X 30 COM,19900
7501072325273,MAALOX X 180ML SUSP.ORAL,5900
7800068150012,"FISIOMAR 0,9% X 125 ML",10800
8903726249314,PREGABALINA 150MG X 30 CAP,8900
7800068010804,BROKAST 60MG/10ML X 120 ML,9000
7800008011588,"SULIX 0,4 MG 30 CAPS. LP  ",5000
7795312100090,ALLEGRA 30 MG/5ML S.O.150 ML ,15400
7800063130699,LORATADINA JBE  5MG 5ML 90ML,2800
8710428999269,ENSURE X 850 G,20400
7800038001023,7800038001023 TADASEVEN LÁMINA,7000
7800063111483,KETOROLACO 10MG X 10 COMP REC ,900
7460536555345,KALOBA 1 X 20 ML,12000
7804620833610,AMOXICILINA 250MG/5ML SUSPENSION FRASCO 60ML,4500
7801000002062,ALCOHOL DESNATURALIZADO 70% X 250 ML,2000
7795373011366,OTEX-HC SUSP.OTIC.5 ML ,14000
7804620833795,CLOXACILINA CAPSULAS 500 MILIGRAMOS 12*,3000
7800050002534,GESIDOL MUJER 10 COMP. ,1500
7804918410325,ALLEDRYL-D JBE.120 ML ,6200
5000158066762,GAVISCON ORIGINAL MENTA S.O.150 ML ,10000
7804640561449,VENLAFAXINA XR 75MG X 30 CAP,8500
310742037715,GUANTES DE VINILO TALLA L X 100UN,6900
7804620833337,IBUPROFENO 600MG X 20 COM,1600
7800063000312,AEROCAMARA UNIVERSAL X 1,3600
781159466908,CNP X 120 CAP,7400
7800038045768,RITMENAL CAPSULAS 400 MILIGRAMOS 30,10000
7800050003166,AEROGASTROL X 20 CAP.,7700
7800007125057,PREDNISONA 5MG X 20 COM,1000
7804640561890,DESLORATADINA 5MG X 30 COM HOSPIFARMA,4000
7800032003467,7800032003467,40000
7800038000361,PROFLORA 5 X 10,15000
7793640215592,ACTRONRA 200MG X 10 CAP,3500
7800007808325,"TAMSULOSINA 0,4MG X 0,43 CAP",9600
7809591402179,"OLTAN-D 40/12,5 MG 30 COMP.REC. [BE] ",17000
7800059159055,MICOLIS 1% CREMA 20 G. ,10700
8903726198605,ARIPIPRAZOL10 10MG X 30 COM,14500
7804620835782,VIBIEN 0 012 SOL  OFT  X 15 ML FCO  GOT,3500
7804659890165,RAYTAN SPF15 VAINILLA-FRAMBUESA BALS.LAB.8 G.,2000
7800007175076,DOXICICLINA [BE] 100 MG 10 COMP.,4000
7800046004801,DEUCODOL FORTE SUSPENSIÓN FORTE 200MG/5ML,5700
736085412765,"TRAZIDEX X 3,5 G",23000
7800007128072,CLORFENAMINA 4MG X 20 COMP.,800
7800060128071,VERTIUM 25MG X 10 COM,7600
7806130008182,APOSITO TRASPARENTE PARA AGUA 6X 7 CM,1500
7501298225005,EUTIROX 50 MCG X 100 COM,10000
737186233648,PROPOLVIT AD.PROPOLEO MIEL SP.ORAL 30 ML [CNP]         ,4500
7800041046400,TOSEDRIN 30MG/5ML X 120 ML,7900
8902281611352,ALOPURINOL 100 MG X 30COM,3000
75046330,VICK X 12 G,1400
7793640992523,ACTRON 600MG X10CAP.BLANDAS,6000
7800007173881,ACIDO MEFENAMICO [BE] 500 MG 10 COMP.REC.,1100
7804677250040,PARACETAMOL 100MG/ML X 15 ML,2000
7800068010439,D HISTAPLUS 25MG/5ML X 60 ML,5600
7804640560893,AMOXICILINA+AC CLAVULANICO 400MG/57MG X 70 ML,9000
8904159627625,MOXIFLOXACINO 400 MG X 7 COM,17900
7800060116306,CLAVINEX DUO FORTE 800/57MG X 70 ML,24900
7730698014852,VIADIL 5MG/ML X 15 ML,5500
7800060015678,TRIOVAL GOTAS 15 ML ,12000
5997001370612,"TAMSOL 0,4MG X 30",7600
7806130008847,CRANBERRY X 250 G,3500
7804636190325,AMOXICILINA+AC. CLAVULANICO 875/125MG X 20CMP,4500
7804664340129,VENDA DE GASA 6CM X 4M 1 UN.,500
7804650881803,"LOSARTAN HIDROCLOROTIAZIDA 50/12,5MG X 30 COM",4600
7804650880226,METFORMINA 850MG X 30 COM,2000
7804918403419,BENTLEY X 50 G,4000
7800068031854,GEMFIBROZILO 600MG X 30 COM,4000
7800063330860,LALERGIC 5MG/ML X 20 ML,6500
7800018163680,NORMIX 200MG X 24 COM,27000
7800044000607,DELTISAN CREMA X 35G,3000
7800004000371,ORAL FRESH MENTA FUERTE 500 ML,4600
7804620832880,ENHORA 100MG X 10 COM,10000
7800050000967,DEUCOALER X 30 COMPRIMIDOS,7000
7802016000301,OMEGA 369 X 60 CAP,6700
7805750004291,BEPANTHOL UNG.PROT.50 G. ,6800
9,0,0
7800007143037,COMPRA 5% X 5 G,1500
737186233655,PROPOLVIT INF.FRUTILLA SP.ORAL 30 ML                      ,4500
7800007804235,LAMOTRIGINA 50MG X 30 COM,6600
7800007136336,HIDROXIDO 6% X 180 ML,4500
7800063130507,OXOLAMINA 28MG/5ML X 100 ML,2700
8903726172322,ROSUVASTATINA 20 MG X 30 COMP,9000
5997001362723,SIBILLA 21 COMP.REC. [BE] ,10000
7898587770668,NUTRISSE COR.INT. 8.1 RUB.CLA.CEN.,2500
8903726234426,OLMECARD 40 MG 30 COMP.REC. [BE] ,14000
7800044000881,TRO 90MEQ X 1 SOB,1000
7803504004887,MATIKOMP X 25 G,6600
7800007803757,"DICLOFENACO 1,5% X 20 ML",3000
8903726192696,MONTELUKAST4 4MG X 30 COM,5000
7800063000800,NEOHYSTICLAR 25MG X 90,11600
7804640560404,BETAMETASONA 05% X 15 G,2000
7800063160085,BACITRACINA NEOMICINA 5MG X 15 G,2000
7809604500519,MAGIC FLUORESCENTES 3 CONDONES DE LATEX,2500
8859263401114,MAMADERA X 250 ML,3000
7804650881001,AZATIOPRINA 50MG X 100 COM,11500
4032717997980,URSOFALK ACIDO URSODEOXICOLICO 500MG X 50 COM,39000
7804673040232,OMEPRAZOL20 20MG X 30 CAP,2000
7800034514534,FUROSEMIDA 40MG X 12 COM,1100
7800038000057,FLECTANE 500/20 MG 10 COMP.REC.ENT. ,5700
7800019000205,NASONEX 50MCG X 280 DS,16800
7800018000565,PARACETAMOL COMPRIMIDOS 500MG X 16,500
7800038042828,EXTOSEN X 100 ML,8000
7800018188317,ANOVULATORIOS X 21 COM,1500
-5100,0,0
7800068013317,MENTHOSE X 18 G,1800
4799020770081,VOGUE FANT.ESM.U�AS RADIANTE 321,900
7509552843415,VOGUE FANT.ESM.U�AS RADIANTE 321,900
7800068014192,PRODEL-B JBE. 120 ML ,8000
7804923530049,7804923530049,1500
7800046004887,BROPAVOL 8MG/5ML X 100ML,8000
7800007802705,OMEPRAZOL [BE] 20 MG 30 CAPS.GRAN.REC.ENT.,1600
8437020503150,CILOSVITAE 50 MG 28 COMP. [BE] ,13700
7800060128156,VERTIUM 25MG X 40 COM,16000
7804664340167,VENDA DE GASA 15CM X 4M 1 UN.,1400
8903726209646,LEVETIRACETAM 100MG/ML X 300 ML,33000
7804664340143,VENDA DE GASA 10CM X4 M,1500
7800026456781,KAONOL 3 MG 2 COMP. ,20000
7800007805140,KITADOL FORTE X 10 COMP,2500
7800004508594,DOLORUB CREMA 5 POMOX 45G,3400
7800007803825,TRAMADOL HCL [BE] 100 MG/ML GOTAS 10 ML,4600
7804612011705,MICOLAC AMOROLFINA 5% KIT X 3 ML,22000
7804918500569,PROMERPAL 140MG X 10 CAP,5600
7804620832866,ENHORA 50MG X 10 COM,5500
7800063001487,PROPRANOLOL 40MG X 20 COM,1500
7800007800473,LISUR 200MG X 20 COM,10000
7800078010238,CLOBETASOL 05% X 25 G,4800
7804620834402,NEVINEX 150MG X30CP,8000
7800007804341,ACNERAL 10MG X 30 CAP,16000
7804621200039,INSULATARD HM 100UI/ML X 10 ML,32500
7899026462533,NUTRISSE COR INTENSA 1.0 NEGR.INT.,2500
7804650882954,FORLIP 20MG X 30 COM,13400
7800041048275,SALBUTAMOL+BECLOMETASONA LF INH.BUC.200 DOSIS,4900
7804918500576,MUCIVIL SPRAY FCO 20ML,7800
7804918450697,LIFESTYLES ORGAZMAX X 3,4200
7800004029044,LECHUGA CREMA CLASICA 28ML,2000
7800060409248,TREX X 30 ML SUSP.ORAL,23500
8904045310020,Diu Levonorgestrel 20 mcg,100000
25,0,0
4048846008800,5037716141463,1500
5037716141463,5037716141463,1500
4048846013781,5037716141470,1500
5037716141470,5037716141470,1500
7501298222639,EUTIROX 100MCG X 100 COM,14200
4005900036704,NIVEA WOM DEO INVISIBLE B&W CLEAR R-ON.50 ML,2800
7806500172116,ELITE X 1 UNI,100
7803510000750,FINARTRIT NARANJA P.S.O.30 SOBRES ,23700
7804633500479," CARVEDILOL 6,25 MG X 30 COMP.REC.",1600
7800018178455,ELCAL-D CAP 500/800X 60,13800
7804918441251,LEVORIGOTAX 5MG X 60 COM,10700
44E9AAZANBF4AS,7453003501846,2000
7453003501846,7453003501846,2000
8906031057988,LACTOFLORA 1000MG X 10 SAC,10000
7803510002259,CIRUELAX MINITABS 75 MG 60 COMP.REC. ,5600
7790250096085,LADYSOFT NORM/SUAVE C/ALAS X 8,2000
7793640216377,CARDIOASPIRINA-100EC 100 MG 20 COMP.REC.ENT. [RT] ,5700
78039957,TAPSIN TIRA 6 COMP.,4000
8901463125861,CELECOXIB 200MG X 10 CAP,4000
7804633500592,AMOXICILINA CLAVUL 500/125MG X 14 COM,7900
7800044001444,METAMIZOL SODICO [BE] 300 MG 20 COMP. [DIPIRONA],800
5099864006094,SIMILAC 1 POLVO 900 G,25900
7806500792208,BABYSEC PANALES PREMIUM P X 24,3700
7804633500745,7804633500745,3500
7702425802735,KOTEX NOCTURNA CON ALAS X 8,4000
7800007124753,PIROXICAM 20MG X10 COMP,500
7804616661227,PROPOLEO CARAMELOS EUCA/MENTOL X 10,2300
7896226503806,PROLOPA 200MG/50MG X 30 COM,9800
7800007803221,"CARVAS-D [40+12,5] MG 30 COMP.REC. [BE] ",14000
7501303443301,MESIGYNA INSTAYECT AMP.1 ML ,15300
7800063000015,GENIOL FLU DIA NOCHE 15 X 20,4500
7803504004153,PALTOMIEL PLUS X 200 ML,5500
7804640561210,RINOMASE 50MCG DS SUS NASAL X 200 DOSIS FCO,8000
7800063110981,FLUCLOXACILINA 500MG X 6 CAP,2000
7800063311029,NAXODOL PLUS 37 5MG 325MG ESTCH  X 20 COMP,5000
43D9CCICKBF4BM,SIMILAC 1 HMO 400 G.,12700
5099864011333,SIMILAC 1 HMO 400 G.,12700
7804640561364,AZITROMICINA 200MG/5ML X 30 ML,6200
7798026344002,PARCHE CURITA INFANTIL C/APO.PROT.CLASSICO 10 UN.,900
8850217700376,BEST HOUSE ASPIRADOR NASAL,3900
7800018117195,MALTOFER 100MG X 30 COM,10000
7804679990005,TEST COVID,2900
7795373011038,MICOPIROX 8% LACA U�AS 5 ML ,21000
7804918450024,VIBRA RIBBED X 3,3800
7804673040010,VITAMINA-C 1000 MG 30 COMP.MAST.,4500
7804620834785,ISEREN 100MG X 30 COM,4500
7800063110387,NOSCAPINA 20MG X 20 COMP.,2000
7804650884811,ESOMEPRAZOLCAP 40 MG X 30,6500
737186233235,MAGNESIO 400MG X 60 CAPS,5600
7800038041616,CARVEDILOL 25MG X 30 COM,3000
3900,3900,0
7800044000270,PARACETAMOL 100MG/ML X 15ML GTS.ORAL.,1500
7806130000087,BAJALENGUAS X X 100,3500
7800008011502,ISQUELIUM 4MG X 30 COM,10000
7804918500507,LEVORIGOTAX 5 MG/ML GOTAS 20 ML ,10700
7804673040317,AMLODIPINO 5MG X 30 COM,2300
7804918402450,LIFESTYLES SKYN INTENSE FEEL 3 UN.,4200
5027314502940,MULTIFLORA PLUS 1000000 X 30 CAP,18400
7800004501472,TAPSIN PEDIATRICO 160 MG 16 COMP.MAST. [6-12 A�OS] (PARACETA,3000
7804620835638,DORLENKA SOLUCIÓN OFTÁLMICA 2% X 5ML,15000
7804633500431,FLUCONAZOL 150MG X 4 CAP,4500
7800063116631,CAPTOPRIL 25MG X 30 COM,3700
7804640561531,"LEVOCETIRIZINA DICLORHIDRATO JARABE 2,5 mg/5 mL",5000
7800063130125,COTRIMOXAZOL FORTE 40MG/5ML X 100 ML,1900
7800018117362,HIPOGLOS X 20G PDA.,2500
7800046004733,MELATONINA 3MG X 30 COMP.,3500
7800061276184,KETOPROFENO 100MG/2ML X 1 AMP,1600
7800060110496,TRIOVAL DIA-NOCHE 20 COMP.REC. (PARACETAMOL+PSEUDOEF+CLORFEN,6000
7800018123929,VENARTEL 500MG X 60 COM,42900
7800004000340,ORALFRESH ENJ  BUCAL MENTA FUERTE X 500 ML FCO,4500
7800063001616,"PROSTALIC 0,4MG X 30",8600
7794640170881 eno ,7794640170881 ENO,300
7800016008839,TODEXONA COLIRIO FCO. 5ML,14500
7800068014147,BEDIATIL FORTE 200MG/5ML X 100 ML,5000
7804650880288,CIPROFLOXACINO 500MG X 6 COM,1500
7800007409249,KITADOL 500 MG 24 COMP. [BE] ,1500
7800004000258,ARMONYL NOCHE 20 COMP.REC. ,4000
2602202108591,TELA ADHESIVA PLASTICA C/DISPENS 125CM X 5 MT,3700
7800049900209,COMBODART 0.5MG/0.4MG CAPSULAS BLANDA Y GRANULOS ENTERICOS DE LIB PROLONG .30,18800
7798026340158,PARCHES X 10 FIX,600
7804629440253,IPRASYNT HFA 20MCG X 200 DS,7000
7800007771278,IBUPROFENO [BE] 400 MG 20 COMP.,1000
7800018132242,NAPROXENO SODIO 550MG X 10 COM,1500
7800063001647,AZITROMICINA BIOEQUIVALENTE COMPRIMIDOS RECUBIERTOS 500MG.6,2000
7804918402375,PRESERVATIVO X 3,4000
20,0,0
7793640992530,ACTRON 400 MG 10 CAPS.BDAS. [RT] ,3500
7800060112315,ALEXIA 120 MG 10 COMP.REC. ,16500
7804633500585,LAGRIMAS 3 X 15 ML,2800
7804614931865,FINAGRIP X 10 COMPRIMIDOS RECUBIERTOS,4700
7804636190158,MOXIFLOXACINO 0.5% 5 ML,10000
8903726192337,LEVOCETIRIZINA5 5MG X 30 COM,6000
7804650881780,PENTINOR 150MG X 40CAP,12800
7800018124056,MONDRIAN SR 150MG X 30 COM,7500
7809558100599,DAILY GOTAS SUCRALOSA 270 ML,3500
44A6ASJANFE2BA ,"TRAZIDEX X 3,5 G",18800
7460536556557,PIASCLEDINE X 30 CAP.,26400
8903726249109,TELGARD 80MG X 30COMP,14400
7800019000458,CIDOTEN RAPI-LENTO SUSPENSION INYECTABLE FRASCO AMPOLLA 5ML X1,23000
7702018880409,GILLETTE PREST3TRIPLE HOJA X 1,1500
7800063111117,ISOSORBIDE 10 MG X 60 COMP,4000
7800018000343,DICLOFENACO SÓDICO 50 MG X 10 COMP,500
7702870010495,SEVEDOL X 12 COMP.,2200
7804620835669,IBUCALM 600MG X 10 CAP BLANDA,4000
7800060015548,DUOVAL GOTAS 15 ML ,12400
781159467219,VITALAGENO BEAUTY 30 SOBRES [VITALAB]  ,13000
4048846008329,MACRODANTINA 50 MG 40 CAPS. ,14200
7793620003546,KOTEX PROTECTOR DIARIO X 20,900
7803504001237,PECTOX 35 MG/5ML JBE. 120 ML ,5000
7800018125114,TRAVIATA 20MG X 30 COM,13900
7804616660107,VITAMINA-C 1000 MG 60 COMP.,4000
7800050002930, FESANIL 30MG/5ML X 120ML JBE.,8000
7800068030901,DICLOFENACO 12 5MG X5 SUP,1100
4902508105590,PIGEON ASP.NASAL C/DEPOSITO ,7400
7800063330396,"RINOSTERYL 0,9% X 30 ML",6300
7800004000418,TAPSIN PLUS X 18 COM,5900
8903726248393,ESOMEPRAZOL 40 MG X 30 CAPSULAS GRANULOS REC,7900
7730698015958,CEUMID 100MG/ML X 150ML JBE.,21900
7800063112039,AMLODIPINO 10 MG X 60 COMP,4000
7803504404113,PALTOMIEL INFANTIL 125ML JBE.,4900
7501298222691,EUTIROX 88MCG X 50 COM,10100
7804640561005,VITAMINA-E 400 UI X 30 CAP. BLAND,3900
7804653720277,TOPIVITAE 100 MG ESTCH X 28 COMP REC,18900
7804923530018,ADICTIVE 1/0 NEGRO 40 G.,1400
7800068014222,PRODELB X30 COMP,9900
8903726250365,LEVETIRACETAM1000 1000MG X 30 COM,14000
5000158068438,GAVISCON MENTA 250MG X 8 COM,3700
7800023101004,LAVASEPT 1% X 90 G,1600
7804638540074,PAPAYA X 60,6400
7800020162138,NOVAFEM JERINGA 1 X 1 JER,12900
7800044000119,POMADA SALICILADA 10% X 25G PDA.,1600
1 comp otoc ,1 COMP OTOC,5000
1502202116415,2*SALES,2000
7804620833467,OMEPRAZOL20 20MG X 30 CAP,2000
7804900000350,PANADOL INFANTIL GOTAS 15ML,5000
7794640171741,ULTRA X 40 G,10600
7804918450154,LIFESTYLES ULTRA SENSIBLE LUBR. 12 UN.,9200
7800063370040,GENIOL NOCHE LIMONADA X 5 G,500
7801000223313,PARCHE CURITA CURAPLAST CJ  X 100 UND,2500
7804640561586,LEVOTIROXINA 50 MCG X 50 COMP,5100
7804650881773,PENTINOR 75MG X 40,11800
7804640561661,BUDANASE NASAL PARA NEBULIZACIÓN ,10000
7800004004713,SAL DE FRUTA DISFRUTA LIMON X 100 GR,4000
7804616660077,ACTIVE-ON 30 CAPS.,4000
7800059005840,VIADIL CPTO GTS 15ML,5000
7800050000264,PROCION 20MG X 20 COM,8400
7809558101091,DAILY GOTAS TRADICIONAL 270 ML,4500
7804650880028,IBUPROFENO 600 MG ESTCH  X 20 COMP  REC,1500
7800028002290,DEGRALER FORTE 5 MG/5ML JBE.100 ML ,15400
7800004004539,YES ICE GEL LUBRICANTE X 40ML,8900
7804650885368,QUETIAPINA 25MG X 30 COM,6800
7801000001331,DIFEMCARE 10VOL X 110 ML,2000
7809591402858,PARACETAMOL 1 G ESTCH X 50 COMP,7700
7800018162584,NOPTIC 3MG X 30 COM,7000
8680199002096,DORZOLAMIDA 2 SOL  OFT  X 5 ML FCO  GOT,8300
7800007679703,BACITRACINA+NEOMICINA X 15G UNG.,3000
7806130007505,BATA PACIENTE TELA SMS AZUL ADULTO,2000
7800007403636,FRENALER-D JBE.100 ML ,16800
7800063116716,METAMIZOL 300MG X 20 COM,800
7804635810156,JERINGA 5ML X 1,300
8903726208205,LEVOFLOXACINO 500 MG X 7 COMP REC,7000
7804620834464,HIDROCLOROTIAZIDA 50MG X 20 COM,500
50190256,GAVISCON 10 X 10 ML,300
7800063001760,FLUOXETINA ,700
7707274720063,XTREM PRESERVATIVO X 3 UND.,900
7800028002160,MOVIPLUS 25MG X 30 COM,14500
7804640561456,DESVENLAFAXINA 100 MG X 30 COMP REC LP,17400
7804620834396,NEVINEX 75MG X 30 CAP,8700
7809604505019,SENSORPLUS X 3,1600
7800008020078,KANK EZE PLUS X 5 ML,4600
7800059006496,GINKOMAX 80MG X 30 CAP.,6300
7794640170881,ENO 5 X 5 G,1000
7804620835164,MELOXICAM 15MG X 10 COM,2000
7804650883425,VIPROVIR 500MG X 10,24000
7806130005273,GUANTE EXAM LATEX C POLVO BLANCO TRESOR M X 100 UND,8000
7806545010114,ALGODON PRENSADO PQ X 50 G,800
7804640561685,DICLOFENACO 116 GEL X 60 G TUBO,4000
7803510001931,CIRUELAX FTE. X 24 COMP.,5800
44E9AAZANBF4AS ,ESMALTE EFECTO GEL SEDUCCION,900
7509552839807,ESMALTE EFECTO GEL SEDUCCION,900
7800018118925,HIPOGLOS CRM 100GR,4800
7804629440086,BUDESYNT 200MCG X 200 DS,4000
7804667110392,RIVAXORED 20 MG ESTCH X 28 COMP REC,25000
7804650881667,CLOTRIMAZOL 1% X 20 G,1600
7800063112022,AMLODIPINO 10 MG  X 30 COMPRIMIDOS,900
7804918501016,DOLOMERPAL X 20 CAPSULAS,13900
7321831691629,VANNAIR 160 X 120 DS,34000
7800044000430,ACEITE DE RICINO X 20 ML,1800
8903726249451,COXTOR 120 MG 7 COMP.REC. [BE]   ,14000
7800056000596,DYNAXON 8 MG 10 CAPS. ,14000
7804620834273,FAMOTIDINA 40 MG ESTCH  X 10 COMP  REC,600
-25000,0,0
7800007124326,PARACETAMOL BIOEQUIVALENTE 500MG X16 COMPRIMIDOS,800
7800063480022,SALBUTAMOL 100MCG X 200 DSS.INH.BUC.,2000
7800026005767,BIOTIPLUS X 15 CAP,13000
7804651290130,PERENTERYL 250MG X 10 SOB,14400
7804620834839,TRAMADOL 100MG/ML X 20 ML,4800
7809591401257,FLECTOR 50 MG G.S.O.10 SOBRES ,10400
8904159675596,ATORVASTATINA 40 MG X 30 COMPRIMIDOS RECUBIERTOS,5000
7800044000416,GELCAIN 2 GEL ORAL X 30 G,4300
7804650880103,QUETIAPINA 100MG X 30 COM,8000
7800008000827, TREXXIA 60MG X 14 COMP,14000
7841141004396,DOLGENAL SL 30 MG 4 COMPRIMIDOS ,10000
7800086709704,#REF!,3000
7804640561418,CETIRIZINA 5MG 5ML JBE  X 60 ML  FCO,4700
7800063001654,NEOHYSTICLAR 25MG 5ML JARABE 90 ML,2000
7896083002283,PETALOS DESMAQUILLAD 80,1500
8427030008073,SIMILAC NEOSURE X 370G,15000
7800007368386, ALPRAZOLAM 0.5MG X 30 COMP.,1300
7800068010019,ABECIDIN GTS X 30 ML,6500
5099864006162,SIMILAC 3 X 900 G,14600
7804633500486," CARVEDILOL 12,5 MG X 30 COMP.REC.",3800
7804620832903,SERTRALINA 50MG X 30 COM,2700
7798032937434,DORALIV 400 MG ESTCH  X 10 CAP  BLAND,2700
7809558101725,DAILY GOTAS STEVIA 270 ML,4100
7804664340389,GASA X 551 SOB,7000
7800026009970,TERMO-NIOFEN S.O.120 ML ,8800
7809516800783,7809516800783,3000
7800060118867,CIPRODEX X 7.5ML SOL.OTO.,28300
7800060003606,OFTALIRIO X 10ML SOL.OFT.,10200
7801000277743,DICHLOREXAN SLN ACUOSA 2 50CC,4900
7804664340587,GASA X 551 SOB,700
7804657990423,PREDNISOLONA 1% X 5 ML,7800
7804923530063,ADICTIVE 7/0/0RUB MED 40,1500
7800026004616,SALMETEROL AEROSOL PARA INHALACIÓN 25MCG,9000
7800007142146,DICLOFENACO 50MG X 5 SUP,1500
7800063330129,PYRIPED 100MG/5ML X 100 ML,6000
7730963251098,PRUDENCE MIX X 3,1800
7800007788320,CARVEDILOL25 25MG X 30 COM,3500
7798050060374,SULFADIAZINA DE PLATA ,9900
7800060111691,CLAVINEX DUO 400 X 70 ML,24600
7800008011625,"SULIX 0,4MG X 60 CAP",19500
7800060111776,"CIPROVAL 0,3% X 5 ML",20000
7800026017388,PRIMAQUIN 2MG X 30 COMP.,16100
7800063110134,COTRIMOXAZOL 400MG/80MG X 20 COM,4200
7800026006511,BROPIL 100MCG X 200 DS,8700
7804640561203,CLOTRIMAZOL 500MG X 1 OVU,3500
7800063111445,KETOPROFENO TU 200MG X 10 COMP.LP.,1900
7804633500639, THYROFIX 25 MCG X 50 COMP,6200
7804640561807,VITAMINA-C 1000 MG 20 COMP.EFRV.,3300
7800018124889,TRADOX 50MG X 30 COM,26500
7800063311234,ACIFIN X 10 COMP.MAST.,4900
78026681,MENTALOL X 18 G,1800
7800007109361,LAUNOL 1% X 60 ML,9990
7809591402780,OLTAN 20MG X 30 COM,14600
7804640561593,LEVOTIROXINA SODICA 75MCG X 50COM,6000
7800044001994,SULFATO 200MG X 20 COM,2200
7804635810231,JERINGA 21000MG X 11,400
8902281606037,NEUROPREG 75MG X 28 CAP,7300
7804640561654,VITAMINA D3 800 UI 400 MG. X 30 CAP,5700
8804674833047,8804674833047,0
7702433298742,VOGUE ESMALTE DE UÑAS FANTASTIC DELICADO FRANCES,2100
8902319037598,DULATINE 30MG X 30 CAP,7800
7804900800394,PANADOL 500MG X 14 COM,1800
7800068010057,BRONCOTUSILAN 250MG/5ML X 120 ML,8000
7800046001848,TRAMAVOLTA 37.5/325MG X 30 COMP.,7000
7804620834587,ACICLOVIR 5% X 15 G,1500
7800041047605,NASTUL 500MG X 10 COM,2000
8903726234419,OLMECARD 20MG X 30 COM,15700
7891317120566,CLAVAN DUO 875 X 14,15800
7803504002654,VITAMINA D3 3800 X 60 CAP,6700
7800007129390,DICLOFENACO RTD.100MG X 8 CAP.LP.,2000
8906031057971,LACTOFLORA X 30 CAP,11500
7804620834082,ESOMEPRAZOL 40MG X 30 COM,5000
7800007657657,HIPOGLUCIN 1000MG X 30 COM,14700
7800063110684,CLONIXINATO LISINA 125MG X 10 COM,1000
7861148021745,MICOLIS 1% X 20 G,10000
7804640560275,TEST DE EMBARAZO LAPIZ,1500
7500435192859,BION X 30 COM,20000
7800001005065,"METOTREXATO 2,5MG X 100 COM",12000
7804625400121,FRESH PROPOLIS-BEE LIVE SPRAY 30 ML,3300
7804650880677,LOSARTAN 50MG X 30 COM,2000
7800063001661,ALOPURINOL 300MG X 20 COM,2200
7804640561746,ATORVASTATINA 10MG  X 30 COM.REC.,3000
7804640560480,CLOTRIMAZOL+BETAMETASONA CRM X 15 G,2000
7804918403495,LIFESTYLES LARGE CON ESPERMICIDA X 3,3600
7804620835492,ALIVIDOL 1000MG X 20,7000
7795373000940,BUTOTAL 100MCG X 250 DS,3900
7800007803887,LANSOPRAZOL BIOEQUIVALENTE CAPSULAS C/MICROGRANULOS C/REC.ENTERICO 30MG.30,2900
7800004509225,ARMONYL DIA 100MG X 20 COM,4700
7803510002914,ALOEFEROX 150MG X 20 CAP,3900
7800028000357,MIGRANOL X 10 COMP.,1500
7800044002014,POVIDONA 10% X 30 ML,2200
7804640561371,MELATONINA 3MG X 30 COMP,4500
7800044001543,VITAMINA C 100MG X 100 COM,2000
7804620834822,DISAC 5 MG 30 COMP.REC. [BE] ,20000
7506295399957,Vick Vaporub Lata 12Gr X12 Un Caja,1500
7800063160078,NISTATINA 100000UI X 15 G,2100
7804918441244,BEVITEX 300MG/ML X 30 ML,5500
7800007770707,HEROLAN SF 10 X 200 DS,18600
4800573052231,EUTEBROL 20MG X 30 COM,15790
7730979093422,EUTEBROL 20MG X 30 COM,15790
7804614931247,FINAGRIP X 100 ML,4000
7800062001716,"SOLUCION 0,9% X 100 ML",1600
4027269687540,48A2BHIANFF4AS,1700
48A2BHIANFF4AS ,48A2BHIANFF4AS,1700
7800028000852,NASTIZOLCOMPOSITUM X 15 ML,10400
7804614931117,IPHSAFLEX 10MG X 20,4600
7730963250237,GEL LUBRICANTE NEUTRO PRUDENCE - 100 GR,5000
7891317120573,CLAVAN DUO 875MG X 20 COM,16500
7804650884064,RANGAR 1 MG CAJA X 30 COMPRIMIDOS,16000
7804657990096,"LAGRIMAS 0,7% X 10 ML",4000
7804640561074,HIDROCORTISONA 1% X 15 G,7700
7800008010093,HALOPERIDOL 5MG X 20 COM,7400
99600584,"TELA MICROPORE 2,5CM X 9 M C/DISPENSADOR",1600
7804620835058,FLUCONAZOL 150MG X 2 CAP,1500
7800004001637,TAPSIN-M 10 COMP.REC. ,4000
7292082318934,VITAMINA D3 800 U.I. 60 CAPS,8400
7800063001081,7800063001081,1100
7804653720574,7804653720574,7100
7800007143976,7800007143976,4400
8903726192368,8903726192368,11900
7800007639325,7800007639325,7000
7800063116372,7800063116372,6000
5099864011340,SIMILAC X 2400 G,11500
7804625950251,PROTECTOR LABIAL SUNWORK FPS 50,5000
7896009490675,COREGA X 22 G,6100
7800044000102,PASTA X 30 G,1900
7800063116600,AMLODIPINO 5MG X 30 COM,3300
78026711,QUITACALLOS 30% X 5 G,4000
7800004001507,DIAVITAL 9000 X 60 COM,13900
7802016000042,CRAMBERRY X 60 CAP.,6000
7800062002003,"CLORURO DE 0,9% X 20 ML",180
7804664340228,7804664340228,2000
7809604500533,SENSOR PLUS 3 X 1,2500
7804620834051,"NEFEX DUO 0,5/,4MG X 30 CAP",16600
7804633500387,AMOXICILINA/ÁCIDO CLAVULÁNICO COMPRIMIDOS 500MG/125MG,9900
7801000002086,ALCOHOL 1L X 70,5400
7801000001348,AGUA OXIGENADA 10VOL 500 ML [DIFEM],2500
7800044000409,CARBON X 100 COM,1500
4800573052224,"CLORURO DE 0,9% X 10 ML",1500
7804918410608,BEVITEX FORTE 10MG/ML X 20 ML,4500
7809591402544,BRONCARD 60MG X 20,10600
8859263201165,BEST HOUSE CHUPETE SILIC B/STAN 2,3000
4710693223100,CHUPETE ENTRET. SILICONA 0-6 MESES,3400
8850217000414,CHUPETE SILICONA COCHE - 1 UN.,3000
8850217620063,CHUP.ENT.PRINCESS. CHUPETE ENTRETENCION,4500
7804923530056,ADICTIVE 6/0RUBIO OSC 40,2500
7800018132105,CLARITROMICINA500 500MG X 14 COM,4900
8903726248386,ESOMEPRAZOL 20MG X 30 CAP,7000
7800063001494,PROPRANOLOL 10MG X 20 COM,1100
7804918500903,PAINPAC 5% X 60 G,5400
7804945072107,BABYLAND SHAMPOO EVITA LAGRIMAS X 410 ML,3000
7800004004232,TAPSIN GOTAS PEDIAT. FCO 15 ML N,4500
7804640561869,PARGEVERINA 5 MG/ML GOTAS X 20 ML,3000
7804620832835,DOMPERIDONA10 10MG X 20 COM,1000
7899026404892,MAYBELLINE ESMALTE DE UNAS COLORAMA BLANCO FRANCES X 1,1700
7800063115405,CICLOBENZAPRINA 10MG X 20 COM,2000
7800018100593,HIPOGLOS X 60 G,4500
7800041000044,IBUPIRAC 400MG X 10,3400
7800044000096,POMADA AZUFRADA 6% X 50 G,2100
7800050002923,RADIGEN 1MG/ML X 30 ML,14100
7800060007635,DIAREN200 200/350MG X 20 COM,7800
7801000002253,AGUA 1L X 10 V,5800
7804923530070,ADICTIVE 8/0RUB CLA 40,2500
7800063120027,TETRACICLINA 500MG X 8 CAP,2500
7806130007017,COMPRESA GASA ESTERIL 45 X 45 CM CON CINTA X 5 UNID,4200
7800007142573,NISTATINA 100000UI X 12 OVU,9600
7800007153937,METOCLOPRAMIDA 10MG X 24 COM,2100
7809591402476,RUPAFIN 1 MG/ML S.O.120 ML ,19000
7800007806796,TERBINAFINA 1% X 20 G,3000
7800026547861,ACOTOL X 2MG X 28 COM,14900
7806519000196,COMODITY PANAL BASIC TALLA XG X 8,4600
7804640561401,LEVONORGESTREL 03MG X 28 COM,4300
7804640560442,KETOCONAZOL 2% X 20 G,1800
7730963250688,7730963250688,3000
-40000,0,0
7500435122436,PAMPERS PA AL CONFORT M,3900
7730698014869,VIADIL FORTE 10MG/ML X 15 ML,7000
7804650880264,OMEPRAZOL 20MG X 60 CAP,4100
7800026004692,REAX 10MG X 30 COM,10500
7800038046192,REPELEX NF AEROSOL 165CC,3500
7800063111001,PARACETAMOL 80MG X 20 COM,1700
7801000263340,DICHLOREXAN 2% X 125 ML,3900
7795373013087,AEROTROP 20MCG X 250 DS,14500
7702418005075,GIABRI 100MG X 30 COM,22700
7800059003013,FIBRONIL 200MG X 30 CAP,28300
7800068011405,DOLCOPIN SOLUCI�N PARA GOTAS ORALES 15ML,5900
7800063120874,CEFADROXILO BIOEQUIVALENTE CAPSULAS 500MG.8,4800
7804640561692,SALBUTAMOL 100MCG X 200 DS,1900
7,0,0
1103202015045,TOBILLERA AJUSTABLE TALLA S/M SENTEQ,6500
7804902043645,7804902043645,2500
7804640560565,"METRONIDAZOL 0,75% X 30 G",6400
7800034509301,CARBAMAZEPINA BIOEQUIVALENTE COMPRIMIDOS 200MG.20,1900
7800007143389,BETAMETASONA NEOMICINA X 10 G,5700
7800004002139,IMECOL X 8 COM,2600
7800004003914,DIAVITAL PROBI TST 30 CAP,15000
7804918402368,NOKATAR 40MG X 30 COM,3900
7800063310251,COLIPER 2MG X 6,3500
7800007172808,MIGRATAM X 10 COM,1500
7501124183363,NOVAFEM X 1 AMP,9100
7800068030611,CLOTRIMAZOL 100MG X 6 OVU,2600
7801000206866,ALCOHOL DESNAUTARILZADO 95º 1000ML,4800
7804640561616,LEVOTIROXINA 100 MCG X 50 CMP,5000
7809591402513,APLACID SULPIRIDA 50 MG X 40 CAPSULAS,17000
7804640560107,"CLORANFENICOL 1% X 3,5 G",3700
7804620834549,"DICLOFENACO DIETILAMINA GEL TOPICO 1,16% X 30 G",3500
7804640560473,TERBINAFINA 1% X 20 G,4500
-15000,0,0
7800060003330,"OFTAGEN 3MG X 3,5 G",11700
7793640992486,ACTRON 600MG X 2 CAP,1000
7730963251050,Prudence Control x 3 Unidades,2900
7800068014185,PRODEL B X 10 COM,6700
7800004261543,DISFRUTA POLVO EFERVESCENTES FRASCO 110 GR,4500
7800007120410,7800007120410,0
7800068030451,7800068030451,0
7804620832767,7804620832767,0
7806545000016,7806545000016,0
7809591402902,7809591402902,0
7804633500110,7804633500110,39000
7804659070413,7804659070413,0
7800062005035,7800062005035,0
7806130002593,CRANBERRY JERINGA DE INSULINA 29GX1/2100UI X 1,700
7800018157016,ACIDO VALPROICO 200MG X 30 COM,5600
-10500,0,0
0,0,0
7800044001697,VASELINA LIQUIDA MEDICINAL 200 ML,1500
7800078010115,DICLOFENACO 100MG X 8 CAP,2000
7800059003693,METORENE 50MG X 30 COM,11700
7800018000329,ESPIRONOLACTONA 25MG X20COM,3000
7800018600468,ATENOLOL50 50MG X 20 COM,700
7804640560589,IBUFREN 100MG/5ML 100ML,5000
7800063002651,ENALAPRIL 20MG X 20 COM,1000
7800050002602,FINDALER 10MG X 30 COM,5700
7804620833047,ENALAPRIL 10MG X 20 COM,800
4005800154195,44E9AAZANBF4AS,500
7898185413332,CEPILLO X 0,1600
301320105049,FOSFOSODA SOLUCION ORAL SABOR JENGIBRE LIMON 45ML,3800
6,0,0
7794640172953,ENO X 100 G,4500
7804918402047,GASOPAX 200MG X 24 COM,3600
7800063116464,GEMFIBROZILO 300MG X 30 CAP,3700
7800059001620,MERIDIAN 25MG X 30 COM,15900
7800007120250,FUROSEMIDA40 40MG X 12 COM,700
7800007808431,ROSUVASTATINA10 10MG X 30 COM,8000
7800063000404,CITALOPRAM 20MG X 30 COM,6700
7804620834457,REDUSTEROL 20MGX30CM,4600
7804640561159,METRONIDAZOL 500MG X 10 OVU,3000
7804653720307,VENLAVITAE XR 75MG X 30 CAP,15600
7800044000188,AZUL METILENO 2% X 20 ML,1800
7804629440277,ACTIVA 28 28 X 28,2500
7800004000111,CARISTOP 05% X 250 ML,6500
7800004338436,"ORALGENE 0,1% X 120 ML",5500
-5000,0,0
7803501004309,GLUCOSAMINA CONDROITINA 500/400MG X 60,10600
7800062002041,LIDOCAINA APIROFLEX 2% 5 ML,1100
7804918402153,TOCALM ADULTO 30MG 5ML JBE  X 100 ML FCO,5000
7804945017368,SIMONDS TOALLAS HUMEDAS CON ALOE X 60,3000
7800007710802,"NEOALERTOP 2,5MG/5ML X 120 ML",10500
7804673040072,7804673040072,5900
7800032003306,GALVUS MET 50/1000MG X 56 COM,48400
8906031058862,BETA COMPLEX X 30 CAP,8000
7800018131764,TALCO X 100 G,4600
7800004003761,YES X 55 ML,7600
7800034524090,DOSIN 10MG/ML X 20 ML,4700
7804640560725,PREDNISONA 1% X 10 ML,5600
7801000002055,ALCOHOL 70 X 500 ML,1700
-10000,0,0
7800046006003,MAREAMIN 100MG X 20 COM,6800
7804640560886,AMOXICILINA + AC. CLAV 250/62.5 5MG/5ML SUSP X 60 ML,7300
7800007805522,BISOPROLOL 5MG X 30 COM,10100
7801000000587,"Carvedilol 6,25 mg x 30",3200
8903726193372,ROSUVASTATINA10 10MG X 30 COM,8000
13051860,TAPSIN FORTE X 6 COM,700
7800018187785,LACTAFEM 75MCG X 28 COM,14000
7805750000675,ASPIRINA 500MG X 20 COM,2600
7804640560527,"MONETASONA 0,1% X 15 G",6400
7800008020023,BLISTEX MEDICACION 6 X 6 G,2900
7800060127340,TRIOFENO 200MG X 20 COM,7500
7800004348008,PROCTOGEL CREMA 30 G. ,12500
7800038000446,KLINER X 15 ML,2000
7800050306519,DALUN 20MG X 20 COMP,2500
8903726205150,VALSARTAN 80MG X 30 COM,9500
7800061001205,VITAMINAS B1 B6 B12 1 X 3 AMP,8800
7804673040287,FLUCLOXACILINA 500MG X 12 CAP,2500
7793640216520,ASPIRINA NINOS 100MG X 42 COM,4400
7800018188232,CYCLOBIOL 1MG X 30 COM,10800
7800007738301,TERBINAFINA 28 250MG X 28 COM,8900
7804650885115,TAMSULOSINA 0.4MG 30 CAP,5000
7804664340839,"FLUTICASONA 0,05% X 15G CREMA",7800
7899026424210,MAYBE.COLORAMA ESM.U�AS PURO GLAMOUR,1800
7800007804228,LAMOTRIGINA 25MG X 30 COM,4800
7800004501946,TAPSIN ESTCH  X 12 COMP,2000
7841141003450,ILTUXAM 40/5 MG 28 COMP.REC. ,17500
7800004004980,PREDUAL X10 COMP,2700
76660008649,FIXODENT CREMA ADHESIVA ORIGINAL X 39 G,8300
4710693223117,CHUPETE ENTRET. SILICONA 6 MESES Y MAS,3500
7800034515982,ELCALD 320MG X 30 CAP,9900
7800063110707,AMIODARONA 200MG X 20 COM,3700
7803504002395,KNOP 39 X 90 COM,3600
4719003001346,TERMÓMETRO DIGITAL MICROLIFE MT3001,4500
7800038000538,FLUOXETINA 20 MG CAJA X 60 COMP,5700
7806130005280,GUANTE EXAM LATEX C POLVO BLANCO TRESOR S X 100 UND,8300
7800044000058,SUPOSITORIOS GLICERINA 1000MG X 20 SUP,2900
48a2bhianff4as,,1500
7804945071322,BABYLAND JABON DE GLICERINA PH NEUTRO X 750 ML,5000
7805750110435,BEPHANTOL 5% X 30 G,6000
7804620835300,ATORVASTATINA 10MG X 30 COM,2300
7800007142658,PARACETAMOL 125MG X 6 SUP,1700
7804640560398,ACICLOVIR 5% X 15 G,2000
7801000120384,DIPEROX 10V SOL TOP X 110 ML FCO,2500
7800007119407,FAMOTIDINA BIOEQUIVALENTE COMPRIMIDOS RECUBIERTOS 40 MG.10,1000
7804918441473,RIGOTAX-D CETIRIZINA 10 MG 30 CAPSULAS BLANDAS,14900
7804614931728,DISILDEN 100MG X 20 COM,14000
7804640560428,CLOBETASOL 05% X 25 G,4500
7800028112197,CLOFEXAN 2MG X 30 COM,11800
7804620834556,CLOBETASOL 05% X 25 G,3000
7804614931230,ALGIAFIN 120 MG/5ML JBE.60 ML ,3700
7750307001172,SODIO CLORURO 0 9 1000 ML X 12 UND,3500
7800004261512,SOBRE 5 X 5 G,400
7800044000126,SULFAGUANIDINA CJ  X 20 COMP,2000
7800008020030,FOILLE UGTO 28GR,5000
78037830,MENTHOLATUM X 12 G,1800
7793640558705,SUPRADYN X 30 COM,13100
7800058535591,BUSCAPINA 10 MG/ML GOTAS 20 ML ,6900
7800063310121,BUTON ADULTOS COM 10,2800
7804918403488,LIFESTYLE LARGE CON ESPERMICIDA X 12,8400
7809591402506,NATICARE X30 COMP,12600
7501303494471,MESIGYNA INSTAYET 1ML X 1 AMP,14800
8903726193389,ESCITALOPRAM20 20MG X 30 COM,7500
7800018163338,PARACETAMOL 500MG X 16 COMP,500
7804918500095,MUCIVIL X 20G CR.,3900
7798026340011,PARCHE OCULAR 7CM X 5 CM COLOR PIEL,2900
10,0,0
7800063110363,CLORFENAMINA 4MG X 20 COM,600
7800008001008,ENEMA 1 X 133 ML,6600
7804918401316,LIFESTYLES SKYN ORIGINAL 3 UN.,4600
7804620834754,"LACTULOSA SOLUCI�N ORAL, RECTAL 66,7% X 200 ML",9000
7800007142061,"DICLOFENACO 12,5MG X 5 SUP",3000
8901530003856,CELECOXIB 200MG X 10COM,5000
7800063310152,ULTRIMIN COM X 10,1700
7804918450017,ULTRA X 3,2700
7730963251555,PRUDENCE EF.RETARDANTE PRES.LATEX LUB.12 UN.,6800
7804918450161,VIBRA 12 X 12,8800
7803510002129,CIRUELAX MINITABS X 20 COMP.,4700
7800068031885,MEBENDAZOL 100MG/5ML X 35 ML,2300
7800463840228,7800463840228,4800
7798026345313,"HIPOALERGIC CLEAR CINTA ADH.TRANSPARENTE 1,25CM X 9M",2500
7800044000669,MANTECA DE CACAO FRUTILLA,1500
7800044000249,MANTECA DE CACAO BARRA FRUTILLA,1500
7804625950022,SUNWORK 1 KILO,21900
7806130008212,APOSITO TRASP PARA AGUA 10X 12 CM,1500
7804918450246,PRESERVATIVOS X 3,3400
7800007119674,FENITOINA SODICA 100 MG 30 COMP.,2300
4005900515872,NIVEA MEN DEO FRESH SPORT SP.150 ML,3000
5054563041432,AQUAFRESH PASTA DENTAL KIDS 9-12 75 ML,2800
7804918404096,CREVET 100MG X 100,2500
7800063116228,CARBAMAZEPINA 200MG X 20 COM,2500
7804640560534,MUPIROCINA 2% X 15 G,6100
7800007339799,DACAM SUSPENSION INYECTABLE RAPI-LENTO AMP.1,18000
76660008625,FIXODENT ADHESIVO DENTAL X 39G,8800
7806500961710,LADYSOFT TOALLA HIGIENICA BASICA TELA SUAVE SIN ALAS X 8,1500
7800038041210,CEFALMIN X 10 COMPRIMIDOS RECUBIERTOS,1500
7800063116419,SERTRALINA 100MG X 30 COM,5700
7800068030093,HIDROXIDO ALUMINIO 6% X 180 ML,3700
7804620834570,CLOTRIMAZOL BETAMETASONA 1 X 15 G,1500
7804640561104,"LAGRIMAS 1,4% X 15 ML",2600
7804640561395,"LEVONORGESTREL 1,5 MG X 1 COM",10000
5000158068421,GAVISCON 500MG/10ML X 150 ML,12700
7804620833535,AMOXICILINA ACIDO 875/125MG X 14 COM,5000
 panales , PANALES,2000
7800060130647,ANTIAX 6 COMP.MAST. ,4700
7800020163029,POVIN X 10 G,1600
4,0,0
7800026069813,CLAVOXILINA-BID [875/125] MG 14 COMP.REC. [BE] (AMOXI+A.CLAV,19100
736085416084,THRIVE 0.1% X 5 ML OFT,3500
1,0,0
8903726221051,FLUSACORT 25/125 MCG 120 DO CENABAST,33000
7800007106186,TONARIL 2MG X 100 COM,25000
7800050000615,TRONSALAN 100MG X 20 COMP,12900
7800068010118,AGUA DEL CARMEN 40ML,2500
8903726189559,AMLODIPINO [BE] 10 MG 30 COMP.,3000
8903726209608,ACICLOVIR400 400MG X 32 COM,6400
7898185411925,CEPILLO X 0,1600
7800075200106,KALMAFTA GEL ORAL X 20 G FCO  C DOSIF,4600
7804620835140,ACIDO ACETILSALICILICO 100MG X 100 COM,3300
7800063111032,PYRIPED 100MG 5ML SUS ORAL 100ML,4700
7800007806642,GEMFIBROZILO [BE] 300 MG 30 CAPS.,3900
78005853,TAPSIN X 6 COM,700
7804640560824,TOBRAMICINA GOTAS 5ML,8400
7800063121000,AMOXICILINA BIOEQUIVALENTE CAPSULAS 500MG.21,3000
7800038046604,TRAMADOL 50MG X 10 CAP,3200
7800007804402,BURTEN-SL 30 MG 2 COMP.SL ,5600
7800063115443,SERTRALINA 50MG X 30 COM,2700
7800044001598,BICARBONATO SODIO 100 X 100 G,1500
7800063110493,ACIDO MEFENAMICO 500 MG X 10 COMP ,1600
7800007144515,NISTATINA 100000 U.I./G UNG. 15 G.,2600
7804620834747,GLICOSOL-XR 1000 MG 30 COMP.LP [BE] ,8800
7800004399536,TAPSIN LIMONADA DIA 5 X 1 SOB,600
5,0,0
7800007805515,"BISOPROLOL FUMARATO [BE] 2,5 MG 30 COMP.",9500
7800059002672,NEO-PANKREOFLAT X 8 COMP REC ENETRICO,5600
7801000002079,DIFEM PHARMA ALCOHOL DESNATURALIZADO SOLUCION TOPICA 70% 500ML,4000
7800020162718,FLAPEX-E 20 CAPS. ,7000
7800068010781,AC FORTE JBE.120 ML (CODEINA+PSEUDOEFEDRINA+CLORFENA,10000
7800007807229,LOSARTAN 50MG X 30 COM,2300
7800007119322,FAMOTIDINA 20MG X 20 COM,900
7800078000796,BETAMENASONA CREMA 0.05% X 15G,2000
729208231930,MAGNESIO 400 MG FCO X 60 CAP,4100
7800044002045,VITALCE 60 CAPS. ,4500
3,0,0
-20000,0,0
7804614931193,IPHSAFLEX 5MG X 20 COM,3700
7804633500172,CLOTRIMAZOL 1% X 20G CR.,1600
8,0,0
7809591401806,XUMADOL 1GR X20 COMP,6900
7800044002076,PASTA LASSAR X 100 G POTE,4800
7806545030372,COTONITOS X100 UND,1400
7800063325262,PYRIPED 400MG CAP BLANDAS 20 BE,3500
7800078010153,DICLOFENACO 50MG X 10 COM,600
7800007118783,LOPERAMIDA HCL 2 MG 6 COMP.,700
2,0,0
7804650880004,IBUPROFENO 400MG X 20 COM,1600
7804614931414,CALMOBET 5% GEL 50 G. ,6000
7800007659354,MELOXICAM 15MG X 10 COM,2000
7800028210602,NASTIZOL COMPUESTO X 10 COM,4900
7800063001241,TERBINAFINA 250MG X 30,6900
