id,DESCRIPCION
7770000000,2-4-CLORFENOXI-ETANOL
7770000001,"2-BENZHIDROXILOXIETILDIETIL-METILAMONIO,IODURO DE"
7770000002,4-DIMETILAMINOFENOL
7770000003,ABACAVIR
7770000004,ABCIXIMAB
7770000005,ACADESINA
7770000006,ACAMPROSATO
7770000007,ACARBOSA
7770000008,ACAROS DE POLVO AMBIENTAL
7770000009,ACEBUTOLOL
7770000010,ACEBUTOLOL Y TIAZIDAS
7770000011,ACECLIDINA
7770000012,ACECLOFENACO
7770000013,ACEFILINA PIPERAZINA
7770000014,ACEITE
7770000015,ACEITE DE CASTOR
7770000016,ACEMETACINA
7770000017,ACENOCUMAROL
7770000018,ACEPROMAZINA
7770000019,ACETARSOL
7770000020,ACETATO ANHIDRO DE CALCIO
7770000021,ACETATO DE SODIO
7770000022,ACETATO DE ZINC
7770000023,ACETAZOLAMIDA
7770000024,ACETIL LEUCINA
7770000025,ACETILCARNITINA
7770000026,ACETILCISTEINA
7770000027,ACETILCOLINA
7770000028,ACETILDIGITOXINA
7770000029,ACETILDIGOXINA
7770000030,ACETILTRANSFERRINA FERRICA
7770000031,ACETOACETATO DE ALUMINIO
7770000032,ACETOFENAZINA
7770000033,ACETOHEXAMIDA
7770000034,ACETOTARTRATO DE ALUMINIO
7770000035,ACETOXOLONA
7770000036,ACICLOVIR
7770000037,ACIDO ACETICO
7770000038,ACIDO ACETILSALICILICO
7770000039,ACIDO ACETILSALICILICO CON CORTICOSTEROIDES
7770000040,ACIDO ACETILSALICILICO CON PSICOLEPTICOS
7770000041,ACIDO ACETILSALICILICO EXCLUIDOS PSICOLEPTICOS
7770000042,ACIDO ACETOHIDROXAMICO
7770000043,ACIDO ACETRIZOICO
7770000044,ACIDO ALENDRONICO
7770000045,ACIDO ALGINICO
7770000046,ACIDO AMINOBENZOICO
7770000047,ACIDO AMINOBUTIRICO
7770000048,ACIDO AMINOCAPROICO
7770000049,ACIDO AMINOLEVULINICO
7770000050,ACIDO AMINOMETILBENZOICO
7770000051,ACIDO AMINOSALICILICO
7770000052,ACIDO ASCORBICO
7770000053,ACIDO ASCORBICO VITAMINA C
7770000054,ACIDO ASCORBICO VITAMINA C Y CALCIO
7770000055,ACIDO AZELAICO
7770000056,ACIDO BORICO
7770000057,ACIDO CARGLUMICO
7770000058,ACIDO CITRICO
7770000059,ACIDO CLODRONICO
7770000060,ACIDO CLORHIDRICO
7770000061,ACIDO CROMOGLICICO
7770000062,ACIDO DIATRIZOICO
7770000063,ACIDO ESPAGLUMICO
7770000064,ACIDO ETACRINICO
7770000065,ACIDO ETIDRONICO
7770000066,"ACIDO ETIDRONICO Y CALCIO,PREPARADOS SECUENCIALE"
7770000067,ACIDO FLUFENAMICO
7770000068,ACIDO FOLICO
7770000069,ACIDO FUMARICO
7770000070,"ACIDO FUMARICO,DERIVADOS DEL"
7770000071,ACIDO FUSIDICO
7770000072,ACIDO GADOBENICO
7770000073,ACIDO GADOPENTETICO
7770000074,ACIDO GADOTERICO
7770000075,ACIDO GADOXETICO
7770000076,ACIDO GAMOLENICO
7770000077,"ACIDO GLUTAMICO,CLORHIDRATO DEL"
7770000078,ACIDO HIALURONICO
7770000079,ACIDO HIDROCLORICO
7770000080,ACIDO IBANDRONICO
7770000081,ACIDO IOBENZAMICO
7770000082,ACIDO IOCARMICO
7770000083,ACIDO IOCETAMICO
7770000084,ACIDO IODOXAMICO
7770000085,ACIDO IOGLICAMICO
7770000086,ACIDO IOGLICICO
7770000087,ACIDO IOPANOICO
7770000088,ACIDO IOTALAMICO
7770000089,ACIDO IOTROXICO
7770000090,ACIDO IOXAGLICO
7770000091,ACIDO IOXITALAMICO
7770000092,ACIDO LACTICO
7770000093,"ACIDO LACTICO,ORGANISMO PRODUCTORES DE"
7770000094,"ACIDO LACTICO,ORGANISMOS PRODUCTORES DE"
7770000095,ACIDO MANDELICO
7770000096,ACIDO MECLOFENAMICO
7770000097,ACIDO MEFENAMICO
7770000098,ACIDO METRIZOICO
7770000099,ACIDO MICOFENOLICO
7770000100,ACIDO NALIDIXICO
7770000101,ACIDO NICOTINICO
7770000102,ACIDO NIFLUMICO
7770000103,ACIDO OXOLINICO
7770000104,ACIDO PAMIDRONICO
7770000105,ACIDO PIPEMIDICO
7770000106,ACIDO PIROMIDICO
7770000107,ACIDO QUENODEOXICOLICO
7770000108,ACIDO RISEDRONICO
7770000109,ACIDO SALICILICO
7770000110,ACIDO TIAPROFENICO
7770000111,ACIDO TIENILICO
7770000112,ACIDO TILUDRONICO
7770000113,ACIDO TIOCTICO
7770000114,ACIDO TIROPANOICO
7770000115,ACIDO TOLFENAMICO
7770000116,ACIDO TRANEXAMICO
7770000117,ACIDO UNDECILENICO
7770000118,ACIDO URSODEOXICOLICO
7770000119,ACIDO VALPROICO
7770000120,ACIDO ZOLEDRONICO
7770000121,ACIPIMOX
7770000122,ACITRETINA
7770000123,ACLARUBICINA
7770000124,"ACRIFLAVINIO,CLORURO DE"
7770000125,ACRIVASTINA
7770000126,ACTIVIDAD QUE SOBREPASA EL INHIBIDOR DEL FACTOR VIII
7770000127,ADALIMUMAB
7770000128,ADAPALENO
7770000129,ADEFOVIR DIPIVOXIL
7770000130,ADEMETIONINA
7770000131,ADENOSINA
7770000132,ADIPIODONA
7770000133,ADRAFINILO
7770000134,ADRENALONA
7770000135,AFELIMOMAB
7770000136,AGALSIDASA ALFA
7770000137,AGALSIDASA BETA
7770000138,AGOMELATINA
7770000139,AJMALINA
7770000140,ALANILGLUTAMINA
7770000141,ALBENDAZOL
7770000142,ALBUMINA
7770000143,"ALBUMINA HUMANA,MICROESFERAS DE"
7770000144,ALCALOIDES DE LA RAUWOLFIA DE
7770000145,"ALCALOIDES DE LA RAUWOLFIA,RAIZ ENTERA DE"
7770000146,ALCANFOR
7770000147,ALCLOFENACO
7770000148,ALCLOMETASONA
7770000149,ALCURONIO
7770000150,ALDESLEUKINA
7770000151,ALDESULFONA SODICA
7770000152,ALDOSTERONA
7770000153,ALEFACEPT
7770000154,ALEMTUZUMAB
7770000155,ALFA1 ANTITRIPSINA
7770000156,ALFACALCIDOL
7770000157,ALFAXALONA
7770000158,ALFUZOSINA
7770000159,ALFUZOSINA Y FINASTERIDA
7770000160,ALGELDRATO
7770000161,ALGINATO DE CALCIO
7770000162,ALGLUCERASA
7770000163,ALGLUCOSIDASA ALFA
7770000164,ALILESTRENOL
7770000165,ALIMEMAZINA
7770000166,ALIPOGEN TIPARVOVEC
7770000167,ALISKIRENO
7770000168,ALISKIRENO Y HIDROCLOROTIAZIDA
7770000169,ALITRETINOINA
7770000170,ALIZAPRIDA
7770000171,ALMAGATO
7770000172,ALMASILATO
7770000173,ALMINOPROFENO
7770000174,ALMITRINA
7770000175,ALMOTRIPTAN
7770000176,ALOBARBITAL
7770000177,ALOGLUTAMOL
7770000178,ALOPURINOL
7770000179,ALOPURINOL CON
7770000180,ALOSETRON
7770000181,ALOXIPRINA
7770000182,ALPRAZOLAM
7770000183,ALPRENOLOL
7770000184,ALPROSTADIL
7770000185,"ALTEA,RAICES DE"
7770000186,ALTEPLASA
7770000187,ALTIZIDA Y AGENTES AHORRADORES DE POTASIO
7770000188,ALTRETAMINA
7770000189,ALUMBRE
7770000190,"ALUMINIO,PREPARADOS DE"
7770000191,ALVERINA
7770000192,AMANTADINA
7770000193,AMBAZONA
7770000194,AMBENONIO
7770000195,AMBROXOL
7770000196,AMBUTONIO Y PSICOLEPTICOS
7770000197,AMCINONIDA
7770000198,AMFEPRAMONA
7770000199,AMFOTERICINA B
7770000200,AMIFAMPRIDINA
7770000201,AMIFOSTINA
7770000202,AMIKACINA
7770000203,AMILORIDA
7770000204,AMINO DIFENILHIDANTOINA ACIDO VALERICO
7770000205,AMINOACIDOS
7770000206,AMINOACRIDINA
7770000207,AMINOFENAZONA
7770000208,AMINOFENAZONA CON PSICOLEPTICOS
7770000209,AMINOFENAZONA EXCLUIDOS PSICOLEPTICOS
7770000210,AMINOFILINA
7770000211,AMINOFILINA Y ADRENERGICOS
7770000212,AMINOGLUTETIMIDA
7770000213,AMINOSALICILATO DE CALCIO
7770000214,AMINOSALICILATO DE SODIO
7770000215,AMIODARONA
7770000216,AMITRIPTILINA
7770000217,AMITRIPTILINA Y PSICOLEPTICOS
7770000218,AMLEXANOXO
7770000219,AMLODIPINA
7770000220,AMOBARBITAL
7770000221,AMODIAQUINA
7770000222,AMOROLFINA
7770000223,AMOXICILINA
7770000224,AMOXICILINA E INHIBIDORES DE LA ENZIMA
7770000225,AMPICILINA
7770000226,AMPICILINA E INHIBIDORES DE LA ENZIMA
7770000227,AMPRENAVIR
7770000228,AMRINONA
7770000229,AMSACRINA
7770000230,ANAGRELIDA
7770000231,ANAKINRA
7770000232,ANASTROZOL
7770000233,ANCESTIM
7770000234,ANCROD
7770000235,ANDROSTANOLONA
7770000236,ANECORTAVA
7770000237,ANETOLA TRITIONA
7770000238,ANFETAMINA
7770000239,ANGIOTENSINAMIDA
7770000240,ANIDAZOLAM
7770000241,ANIDULAFUNGINA
7770000242,ANILLO VAGINAL CON PROGESTAGENO Y ESTROGENO
7770000243,ANIMALES
7770000244,ANIRACETAM
7770000245,ANISTREPLASA
7770000246,ANTAZOLINA
7770000247,ANTIBIOTICOS EN COMBINACION CON OTRAS DROGAS
7770000248,ANTIINFECCIOSOS
7770000249,"ANTIMONIO,PENTASULFITO DE"
7770000250,"ANTIRRABICO,SUERO"
7770000251,ANTITROMBINA III
7770000252,"ANTRAX,ANTIGENO DE"
7770000253,APOLATO DE SODIO
7770000254,APOMORFINA
7770000255,APRACLONIDINA
7770000256,APREPITANT
7770000257,APRINDINA
7770000258,APROBARBITAL
7770000259,APROTININA
7770000260,ARBUTAMINA
7770000261,ARGATROBAN
7770000262,ARGININA TIADICICA
7770000263,"ARGININA,CLORHIDRATO DE"
7770000264,"ARGININA,GLUTAMATO DE"
7770000265,ARGIPRESINA
7770000266,ARIPIPRAZOL
7770000267,ARSENICO TRIOXIDO
7770000268,ARSTINOL
7770000269,ARTEMETERO
7770000270,ARTEMETHER
7770000271,ARTEMISININA
7770000272,ARTEMOTILO
7770000273,ARTENIMOL
7770000274,ARTESUNATO
7770000275,ARTICAINA
7770000276,ASCORBATO FERROSO
7770000277,ASPARAGINASA
7770000278,ASPARTATO DE MAGNESIO
7770000279,ASPERTATO FERROSO
7770000280,ASTEMIZOL
7770000281,ATAPULGITA
7770000282,ATENOLOL
7770000283,ATENOLOL Y OTROS ANTIHIPERTENSIVOS
7770000284,ATENOLOL Y OTROS DIURETICOS
7770000285,ATENOLOL Y TIAZIDAS
7770000286,"ATENOLOL,TIAZIDAS Y OTROS DIURETICOS"
7770000287,ATOMOXETINA
7770000288,ATORVASTATINA
7770000289,ATORVASTATINA Y AMLODIPINA
7770000290,ATOSIBAN
7770000291,ATOVACUONA
7770000292,ATRACURIO
7770000293,ATROPINA
7770000294,ATROPINA Y PSICOLEPTICOS
7770000295,AURANOFINA
7770000296,AUROTIOGLUCOSA
7770000297,AUROTIOMALATO DE SODIO
7770000298,AUROTIOPROL
7770000299,AUROTIOSULFATO DE SODIO
7770000300,AZACITIDINA
7770000301,AZANIDAZOL
7770000302,AZAPETINA
7770000303,AZAPROPAZONA
7770000304,AZATADINA
7770000305,AZATIOPRINA
7770000306,AZELASTINA
7770000307,AZIDAMFENICOL
7770000308,AZIDOCILINA
7770000309,AZITROMICINA
7770000310,AZLOCILINA
7770000311,AZTREONAM
7770000312,AZUCAR INVERTIDA
7770000313,AZUFRE
7770000314,AZUFRE DE HEXAFLUORURO
7770000315,"AZUFRE,COMPUESTOS CON"
7770000316,AZUL DE PRUSIA
7770000317,BACAMPICILINA
7770000318,BACITRACINA
7770000319,BACLOFENO
7770000320,BALSALAZIDA
7770000321,BAMBUTEROL
7770000322,BAMETAN
7770000323,BAMIFILINA
7770000324,BAMIPINA
7770000325,BARBEXACLONA
7770000326,BARBITAL
7770000327,BARBITURICOS DE
7770000328,BARBITURICOS EN COMBINACION CON OTRAS DROGAS
7770000329,BARNIDIPINA
7770000330,BASILIXIMAB
7770000331,BATROXOBINA
7770000332,BECAPLERMINA
7770000333,BECITRAMIDA
7770000334,BECLAMIDA
7770000335,BECLOMETASONA
7770000336,BECLOMETASONA CON ANTIBIOTICOS
7770000337,BEFENIO
7770000338,BEFUNOLOL
7770000339,"BELLADONA,ALCALOIDES TOTALES DE"
7770000340,"BELLADONA,ALCALOIDES TOTALES DE Y PSICOLEPTICOS"
7770000341,BEMEGRIDA
7770000342,BEMIPARINA
7770000343,BENAZEPRIL
7770000344,BENAZEPRIL Y DIURETICOS
7770000345,BENCETONIO
7770000346,BENCICLANO
7770000347,BENCIDAMINA
7770000348,BENCILONA
7770000349,BENCILPENICILINA
7770000350,BENCILPENICILINA BENZATINICA
7770000351,BENCILPENICILINA PROCAINICA
7770000352,BENCILTIOURACILO
7770000353,BENCIODARONA
7770000354,BENDAZACO
7770000355,BENDROFLUMETIAZIDA
7770000356,BENDROFLUMETIAZIDA Y AGENTES AHORRADORES DE POTASIO
7770000357,BENDROFLUMETIAZIDA Y POTASIO
7770000358,BENFLUOREX
7770000359,BENIDIPINO
7770000360,BENORILATO
7770000361,BENOXAPROFENO
7770000362,BENPERIDOL
7770000363,BENPROPERINA
7770000364,BENTIROMIDA
7770000365,BENZALCONIO
7770000366,BENZATROPINA
7770000367,BENZBROMARONA
7770000368,BENZIODARONA
7770000369,BENZNIDAZOL
7770000370,BENZOATO DE BENCILO
7770000371,BENZOCAINA
7770000372,BENZOCTAMINA
7770000373,BENZODODECINIO
7770000374,BENZONATATO
7770000375,BEPRIDIL
7770000376,BERAPROST
7770000377,BERGAPTENO
7770000378,BETA- METOXIPROPILENGLICOLEPOITINA
7770000379,BETACAROTENO
7770000380,BETAHISTINA
7770000381,BETAINA
7770000382,"BETAINA,CLORHIDRATO DE"
7770000383,BETAMETASONA
7770000384,BETAMETASONA CON ANTIBIOTICOS
7770000385,BETAMETASONA CON ANTISEPTICOS
7770000386,BETAMETASONA Y ANTIINFECCIOSOS
7770000387,BETAMETASONA Y MIDRIATICOS
7770000388,BETANECOL
7770000389,BETANIDINA
7770000390,BETAXOLOL
7770000391,BETAZOL
7770000392,BEVACIZUMAB
7770000393,BEVANTOLOL
7770000394,BEVANTOLOL Y TIAZIDAS
7770000395,BEVONIO
7770000396,BEVONIO Y ANALGESICOS
7770000397,BEVONIO Y PSICOLEPTICOS
7770000398,BEXAROTENO
7770000399,BEZAFIBRATO
7770000400,"BIBENZONIO,BROMURO DE"
7770000401,BIBROCATOL
7770000402,BICALUTAMIDA
7770000403,BICARBONATO DE POTASIO
7770000404,BICARBONATO DE SODIO
7770000405,BIETASERPINA
7770000406,BIETASERPINA Y DIURETICOS
7770000407,BIFEMELANO
7770000408,BIFENILOL
7770000409,BIFONAZOL
7770000410,BIMATOPROST
7770000411,BIOALETRINA
7770000412,BIOTINA
7770000413,BIPERIDENO
7770000414,BISACODILO
7770000415,"BISMUTO,PREPARADOS DE CON"
7770000416,BISOPROLOL
7770000417,BISOPROLOL Y TIAZIDAS
7770000418,BISOXATINA
7770000419,BITARTRATO DE POTASIO
7770000420,BITIONOL
7770000421,BITOLTEROL
7770000422,BLEOMICINA
7770000423,BOPINDOLOL
7770000424,BOPINDOLOL Y OTROS DIURETICOS
7770000425,BORATO DE SODIO
7770000426,BORNAPRINA
7770000427,BORTEZOMIB
7770000428,BOSENTANO
7770000429,"BOTULINICA,ANTITOXINA"
7770000430,"BOTULINICA,TOXINA"
7770000431,"BRETILIO,TOSILATO DE"
7770000432,BRIMONIDINA
7770000433,BRINASA
7770000434,BRINZOLAMIDA
7770000435,BRODIMOPRIMA
7770000436,BROMAZEPAM
7770000437,BROMAZINA
7770000438,BROMELAINS
7770000439,BROMFENIRAMINA
7770000440,BROMHEXINA
7770000441,BROMOCLOROSALICILANILIDA
7770000442,BROMOCRIPTINA
7770000443,BROMOPRIDA
7770000444,BROMPERIDOL
7770000445,BROMURO DE TIOTROPIO
7770000446,BROTIZOLAM
7770000447,BROXIQUINOLINA
7770000448,"BRUCELLA,ANTIGENO DE"
7770000449,BUCETINA
7770000450,BUCETINA CON PSICOLEPTICOS
7770000451,BUCETINA EXCLUIDOS PSICOLEPTICOS
7770000452,BUCILAMINA
7770000453,BUCLADESINA
7770000454,BUCLIZINA
7770000455,BUDESONIDA
7770000456,BUDIPINO
7770000457,BUFENINA
7770000458,BUFEXAMACO
7770000459,BUFILINA
7770000460,BUFLOMEDIL
7770000461,BUFORMINA
7770000462,BUMADIZONA
7770000463,BUMETANIDA
7770000464,BUMETANIDA Y AGENTES AHORRADORES DE POTASIO
7770000465,BUMETANIDA Y POTASIO
7770000466,BUNAFTINA
7770000467,BUPIVACAINA
7770000468,BUPRANOLOL
7770000469,BUPRENORFINA
7770000470,BUSERELINA
7770000471,BUSPIRONA
7770000472,BUSULFANO
7770000473,BUTALAMINA
7770000474,BUTAMIRATO
7770000475,BUTANILICAINA
7770000476,BUTAPERAZINA
7770000477,BUTENAFINA
7770000478,BUTILESCOPOLAMINA
7770000479,BUTILESCOPOLAMINA Y ANALGESICOS
7770000480,BUTIZIDA Y AGENTES AHORRADORES DE POTASIO
7770000481,BUTOBARBITAL
7770000482,BUTOCONAZOL
7770000483,BUTORFANOL
7770000484,BUTRIPTILINA
7770000485,C1-INHIBIDOR
7770000486,CABERGOLINA
7770000487,"CADMIO,COMPUESTOS CON"
7770000488,CADRALAZINA
7770000489,CAFEDRINA
7770000490,CAFEINA
7770000491,CAFEINA Y BENZOATO DE SODIO
7770000492,CALCIFEDIOL
7770000493,CALCIO DIFERENTES SALES EN COMBINACION
7770000494,"CALCIO,COMPUESTOS DE"
7770000495,CALCIPOTRIOL
7770000496,"CALCITONINA DE SALMON,SINTETICA"
7770000497,"CALCITONINA HUMANA,SINTETICA"
7770000498,"CALCITONINA PORCINA,NATURAL"
7770000499,CALCITRIOL
7770000500,CAMAZEPAM
7770000501,CAMILOFINA
7770000502,CAMILOFINA Y ANALGESICOS
7770000503,CAMOSTAT
7770000504,CANDESARTAN
7770000505,CANDESARTAN Y DIURETICOS
7770000506,CANDICIDINA
7770000507,CANRENOATO DE POTASIO
7770000508,CANRENONA
7770000509,CAOLIN
7770000510,CAPECITABINA
7770000511,CAPREOMICINA
7770000512,CAPSAICINA
7770000513,CAPTODIAMO
7770000514,CAPTOPRIL
7770000515,CAPTOPRIL Y DIURETICOS
7770000516,CARBACOL
7770000517,CARBAMAZEPINA
7770000518,CARBASALATO DE CALCIO
7770000519,CARBASALATO DE CALCIO EXCLUIDOS PSICOLEPTICOS
7770000520,CARBAZOCROMO
7770000521,CARBENICILINA
7770000522,CARBENOXOLONA
7770000523,CARBENOXOLONA CON PSICOLEPTICOS
7770000524,CARBENOXOLONA EXCLUIDOS PSICOLEPTICOS
7770000525,CARBETOCINA
7770000526,CARBIMAZOL
7770000527,CARBIMIDA CALCICA
7770000528,CARBINOXAMINA
7770000529,CARBOCISTEINA
7770000530,CARBOCROMENO
7770000531,CARBOCUONA
7770000532,CARBOHIDRATOS
7770000533,CARBON MEDICINAL
7770000534,CARBONATO DE CALCIO
7770000535,CARBONATO DE MAGNESIO
7770000536,CARBONATO FERROSO
7770000537,CARBONATO SODICO DE DIHIDROXIALUMINIO
7770000538,CARBOPLATINO
7770000539,CARBOPROST
7770000540,CARBUTAMIDA
7770000541,CARBUTEROL
7770000542,CARFECILINA
7770000543,CARINDACILINA
7770000544,CARISBAMATO
7770000545,CARISOPRODOL
7770000546,CARISOPRODOL CON PSICOLEPTICOS
7770000547,CARISOPRODOL EXCLUIDOS PSICOLEPTICOS
7770000548,CARMOFUR
7770000549,CARMUSTINA
7770000550,CAROVERINA
7770000551,CARTEOLOL
7770000552,CARVEDILOL
7770000553,CASCARA
7770000554,CASPOFUNGINA
7770000555,CATINA
7770000556,CATUMAXOMAB
7770000557,CEFUROXIMA Y METRONIDAZOL
7770000558,CELECOXIB
7770000559,CELIPROLOL
7770000560,CELULOSA FOSFATO SODICO
7770000561,CELULOSA OXIDIZADA
7770000562,CERATONIA
7770000563,CERIVASTATINA
7770000564,CERTOLIZUMAB PEGOL
7770000565,CERULETIDA
7770000566,CETIEDIL
7770000567,CETILPIRIDINIO
7770000568,CETIRIZINA
7770000569,CETOBEMIDONA
7770000570,CETOBEMIDONA CON ANTIESPASMODICOS
7770000571,CETRIMIDA
7770000572,CETRIMONIO
7770000573,CETRORELIX
7770000574,CETUXIMAB
7770000575,CIAMEMAZINA
7770000576,CIANOCOBALAMINA
7770000577,"CIANOCOBALAMINA TANINA,COMPLEJO DE"
7770000578,CIBENZOLINA
7770000579,CICLANDELATO
7770000580,CICLESONIDA
7770000581,CICLETANINA
7770000582,CICLIZINA
7770000583,CICLOBARBITAL
7770000584,CICLOBENDAZOL
7770000585,CICLOBENZAPRINA
7770000586,CICLOBUTIROL
7770000587,CICLOFENILO
7770000588,CICLOFOSFAMIDA
7770000589,CICLOGUANIL EMBONATO
7770000590,CICLONICATO
7770000591,CICLONIO Y ANALGESICOS
7770000592,CICLOPENTAMINA
7770000593,CICLOPENTIAZIDA
7770000594,CICLOPENTIAZIDA Y AGENTES AHORRADORES DE POTASIO
7770000595,CICLOPENTIAZIDA Y POTASIO
7770000596,CICLOPENTOLATO
7770000597,CICLOPIROX
7770000598,CICLOSERINA
7770000599,CICLOSPORINA
7770000600,CICLOTIAZIDA
7770000601,CICLOTIAZIDA Y POTASIO
7770000602,CIDOFOVIR
7770000603,CIFLUTRINA
7770000604,CILAZAPRIL
7770000605,CILAZAPRIL Y DIURETICOS
7770000606,CILNIDIPINA
7770000607,CIMARINA
7770000608,CIMETIDINA
7770000609,"CIMETROPIO,BROMURO DE"
7770000610,CINACALCET
7770000611,CINARIZINA
7770000612,CINCOCAINA
7770000613,CINCOFENO
7770000614,CINEPAZET
7770000615,CINEPAZIDA
7770000616,CINOLAZEPAM
7770000617,CINOXACINO
7770000618,CIPERMETRINA
7770000619,CIPROFIBRATO
7770000620,CIPROFLOXACINA
7770000621,CIPROFLOXACINO
7770000622,CIPROHEPTADINA
7770000623,CIPROTERONA
7770000624,CIPROTERONA Y ESTROGENO
7770000625,CISAPRIDA
7770000626,CISATRACURIO
7770000627,CISPLATINO
7770000628,CITARABINA
7770000629,CITICOLINA
7770000630,CITIOLONA
7770000631,CITRATO DE MAGNESIO
7770000632,CITRATO DE POTASIO
7770000633,CITRATO DE SODIO
7770000634,CITRATO FERRICO
7770000635,CLADRIBINA
7770000636,CLARITROMICINA
7770000637,CLEBOPRIDA
7770000638,CLEFAMIDA
7770000639,CLEMASTINA
7770000640,CLENBUTEROL
7770000641,CLEVUDINA
7770000642,CLIDINIO Y PSICOLEPTICOS
7770000643,CLINDAMICINA
7770000644,CLIOQUINOL
7770000645,CLOBAZAM
7770000646,CLOBENZOREX
7770000647,CLOBETASOL
7770000648,CLOBETASOL CON ANTIBIOTICOS
7770000649,CLOBETASONA
7770000650,CLOBETASONA Y ANTIINFECCIOSOS
7770000651,CLOBUTINOL
7770000652,CLOCORTOLONA
7770000653,CLODANTOINA
7770000654,CLOFAZIMINA
7770000655,CLOFEDANOL
7770000656,CLOFENAMIDA
7770000657,CLOFENAMIDA Y POTASIO
7770000658,CLOFENOTANO
7770000659,CLOFEZONA
7770000660,CLOFIBRATO
7770000661,CLOFIBRATO ALUMINIO
7770000662,CLOFIBRIDA
7770000663,CLOFOCTOL
7770000664,CLOMETIAZOL
7770000665,CLOMETOCILINA
7770000666,CLOMIFENO
7770000667,CLOMIPRAMINA
7770000668,CLOMOCICLINA
7770000669,CLONAZEPAM
7770000670,CLONIDINA
7770000671,CLONIDINA Y DIURETICOS
7770000672,CLONIDINA Y DIURETICOS CON OTRAS DROGAS
7770000673,CLOPAMIDA
7770000674,CLOPAMIDA Y POTASIO
7770000675,CLOPENTIXOL
7770000676,CLOPERASTINA
7770000677,CLOPIDOGREL
7770000678,CLOPREDNOL
7770000679,CLORALODOL
7770000680,CLORAMBUCILO
7770000681,CLORANFENICOL
7770000682,CLORANOLOL
7770000683,CLORAZEPATO DE POTASIO
7770000684,CLORBENZOXAMINA
7770000685,CLORCICLIZINA
7770000686,CLORDIAZEPOXIDO
7770000687,CLOREXOLONA
7770000688,CLOREXOLONA CON PSICOLEPTICOS
7770000689,CLORFENAMINA
7770000690,CLORFENESINA
7770000691,CLORFENIRAMINA
7770000692,CLORFENOXAMINA
7770000693,CLORHEXIDINA
7770000694,CLORHIDRATO DE ALUMINIO
7770000695,CLORICROMENO
7770000696,CLORIDAROL
7770000697,CLORINDIONA
7770000698,CLORMADINONA
7770000699,CLORMADINONA Y ESTROGENO
7770000700,CLORMADINONA Y ETINILESTRADIOL
7770000701,CLORMETINA
7770000702,CLORMEZANONA
7770000703,CLORMEZANONA CON PSICOLEPTICOS
7770000704,CLORMEZANONA EXCLUIDOS PSICOLEPTICOS
7770000705,CLORMIDAZOL
7770000706,CLOROBUTANOL
7770000707,CLOROFORMO
7770000708,CLOROPIRAMINA
7770000709,CLOROPREDNISONA Y ANTIINFECCIOSOS
7770000710,CLOROQUINA
7770000711,CLOROTIAZIDA
7770000712,CLOROTIAZIDA Y POTASIO
7770000713,CLOROTRIANISENO
7770000714,CLOROXILENOL
7770000715,CLORPIRAMINA
7770000716,CLORPROCAINA
7770000717,CLORPROETAZINA
7770000718,CLORPROMAZINA
7770000719,CLORPROPAMIDA
7770000720,CLORPROTIXENO
7770000721,CLORQUINALDOL
7770000722,CLORTALIDONA
7770000723,CLORTALIDONA Y AGENTES AHORRADORES DE POTASIO
7770000724,CLORTALIDONA Y POTASIO
7770000725,CLORTETRACICLINA
7770000726,CLORURO DE ALUMINIO
7770000727,CLORURO DE AMONIO
7770000728,CLORURO DE BENCETONIO
7770000729,CLORURO DE BENZOXONIO
7770000730,CLORURO DE CALCIO
7770000731,CLORURO DE DIDECILDIMETILAMONIO
7770000732,CLORURO DE MAGNESIO
7770000733,CLORURO DE METILTIONIMIO
7770000734,CLORURO DE METIOSULFONIO
7770000735,CLORURO DE POTASIO
7770000736,CLORURO DE SODIO
7770000737,"CLORURO DE SODIO,HIPERTONICO"
7770000738,CLORURO DE ZINC
7770000739,CLORURO FERROSO
7770000740,CLORZOXAZONA
7770000741,CLORZOXAZONA CON PSICOLEPTICOS
7770000742,CLORZOXAZONA EXCLUIDOS PSICOLEPTICOS
7770000743,CLOTIAPINA
7770000744,CLOTIAZEPAM
7770000745,CLOTRIMAZOL
7770000746,CLOXACILINA
7770000747,CLOXAZOLAM
7770000748,COBALTO 57CO CIANOCOBALAMINA
7770000749,COBALTO 58CO CIANOCOBALAMINA
7770000750,COBAMAMIDA
7770000751,COCAINA
7770000752,CODEINA
7770000753,CODEINA CON PSICOLEPTICOS
7770000754,CODEINA EXCLUIDOS PSICOLEPTICOS
7770000755,COLAGENASA
7770000756,COLAGENO
7770000757,COLCHICINA
7770000758,COLECALCIFEROL
7770000759,"COLERA,CELULA ENTERA INACTIVADA"
7770000760,"COLERA,CELULA ENTERA INACTIVADA CON VACUNA ANTITIFOIDEA"
7770000761,"COLERA,VIBRION VIVO ATENUADO"
7770000762,COLESEVELAM
7770000763,COLESTIPOL
7770000764,COLESTIRAMINA
7770000765,COLEXTRAN
7770000766,"COLFOSCERILO,PALMITATO DE"
7770000767,COLINA ALFOSCERATO
7770000768,COLINESTERASA
7770000769,COLISTINA
7770000770,"COMBINACION DE ALCALOIDES DE LA RAUWOLFIA Y DIURETICOS,INCL. OTRAS COMBINACIONES"
7770000771,COMBINACIONES
7770000772,COMBINACIONES DE ALCALOIDES DE LA RAUWOLFIA
7770000773,COMBINACIONES DE CORTICOSTEROIDES
7770000774,COMBINACIONES DE DERIVADOS IMIDAZOLICOS
7770000775,COMBINACIONES DE DIFERENTES ANTIBIOTICOS
7770000776,COMBINACIONES DE ELECTROLITOS
7770000777,COMBINACIONES DE PENICILINAS
7770000778,COMBINACIONES DE SALES SIMPLES
7770000779,COMBINACIONES DE SALES SIMPLES Y CARMINATIVOS
7770000780,COMIDAS
7770000781,COMPLEJO DE ACIDO GLUCONICO SORBITOL FERRICO
7770000782,COMPLEJO DE CITRATO DE LISINA Y CALCIO
7770000783,COMPLEJO DE GLUCONATO FERRICO DE SODIO
7770000784,COMPLEJO DE HIERRO Y ACIDO CITRICO-SORBITOL
7770000785,CONDROITINSULFATO
7770000786,"CONDROITINSULFATO-HIERRO,COMPLEJO DE"
7770000787,CORIFOLITROPINA ALFA
7770000788,CORIOGONADOTROPINA ALFA
7770000789,CORTICOLIBERINA
7770000790,CORTICOTROPINA
7770000791,CORTISONA
7770000792,CORTIVAZOL
7770000793,"CRATAEGUS,GLUCOSIDOS DEL"
7770000794,CREATINOLFOSFATO
7770000795,CREOSOTA
7770000796,CRILANOMERO
7770000797,CRIPTON81MKR GAS
7770000798,"CROMO 51CR,CELULAS MARCADAS CON"
7770000799,"CROMO51CR,EDETATO DE"
7770000800,CROSPOVIDONA
7770000801,CUASIA
7770000802,DACARBAZINA
7770000803,DACLIZUMAB
7770000804,DACTINOMICINA
7770000805,DALTERAPINA
7770000806,DANAPAROID
7770000807,DANAZOL
7770000808,DANTROLENO
7770000809,DANTRON
7770000810,"DANTRON,INCL. COMBINACIONES"
7770000811,DAPIPRAZOL
7770000812,DAPOXETINA
7770000813,DAPSONA
7770000814,DARBEPOETINA ALFA
7770000815,DARIFENACINA
7770000816,DASATINIB
7770000817,DAUNORUBICINA
7770000818,DEANOL
7770000819,DEBRISOQUINA
7770000820,DECAMETRINA
7770000821,DECITABINA
7770000822,DECUALINIO
7770000823,DEFERASIROX
7770000824,DEFERIPRONA
7770000825,DEFEROXAMINA
7770000826,DEFIBROTIDA
7770000827,DEFLAZACORT
7770000828,DELAPRIL
7770000829,DELAPRIL Y DIURETICOS
7770000830,DELAPRIL Y MANIDIPINA
7770000831,DELAVIRDINA
7770000832,DEMECARIO
7770000833,DEMECLOCICLINA
7770000834,DEMECOLCINA
7770000835,DEMEGESTONA
7770000836,DEMOXITOCINA
7770000837,DENILEUKINA DIFTITOX
7770000838,DERIVADOS DEL OPIO Y EXPECTORANTES
7770000839,DERIVADOS DEL OPIO Y MUCOLITICOS
7770000840,"DERMATAN,SULFATO DE"
7770000841,DESASPIDINA
7770000842,DESERPIDINA
7770000843,DESERPIDINA Y DIURETICOS
7770000844,DESFLURANO
7770000845,DESIPRAMINA
7770000846,DESLANOSIDO
7770000847,DESLORATADINA
7770000848,DESMOPRESINA
7770000849,DESOGESTREL
7770000850,DESOGESTREL Y ESTROGENO
7770000851,DESOGESTREL Y ETINILESTRADIOL
7770000852,DESONIDA
7770000853,DESONIDA CON ANTISEPTICOS
7770000854,DESOXICORTONA
7770000855,DESOXIMETASONA
7770000856,DESOXIRRIBUNUCLEASA
7770000857,DESVENLAFAXINA
7770000858,DEXAMETASONA
7770000859,DEXAMETASONA CON ANTIBIOTICOS
7770000860,DEXAMETASONA Y ANTIINFECCIOSOS
7770000861,DEXANFETAMINA
7770000862,DEXBROMFENIRAMINA
7770000863,DEXCLORFENIRAMINA
7770000864,DEXETIMIDA
7770000865,DEXFENFLURAMINA
7770000866,DEXIBUPROFENO
7770000867,DEXKETOPROFENO
7770000868,DEXPANTENOL
7770000869,DEXRAZOXANO
7770000870,DEXTRAN
7770000871,DEXTRANO OXIDO FERRICO
7770000872,DEXTRANOMERO
7770000873,DEXTRIFERRON
7770000874,DEXTROMETORFANO
7770000875,DEXTROMORAMIDA
7770000876,DEXTROPROPOXIFENO
7770000877,DEXTROPROPOXIFENO CON PSICOLEPTICOS
7770000878,DEXTROPROPOXIFENO EXCLUIDOS PSICOLEPTICOS
7770000879,DEXTROTIROXINA
7770000880,DEZOCINA
7770000881,DIACEREINA
7770000882,DIAMORFINA
7770000883,DIASTASA
7770000884,DIAZEPAM
7770000885,DIAZOXIDO
7770000886,DIBEKACINA
7770000887,DIBENZEPINA
7770000888,DIBOTERMIN ALFA
7770000889,DIBROMOTIROSINA
7770000890,DIBROMPROPAMIDINA
7770000891,DIBUNATO
7770000892,DIBUTILFTALATO
7770000893,DIBUTILSUCCINATO
7770000894,DICICLOVERINA
7770000895,DICLOFENACO
7770000896,DICLOFENACO Y ANTIINFECCIOSOS
7770000897,DICLOFENAMIDA
7770000898,DICLONINA
7770000899,DICLORALFENAZONA
7770000900,DICLOROBENCIL ALCOHOL
7770000901,DICLOROFENO
7770000902,DICLOXACILINA
7770000903,DICUMAROL
7770000904,DIDANOSINA
7770000905,DIDROGESTERONA Y ESTROGENO
7770000906,DIENESTROL
7770000907,DIENOGEST Y ESTROGENO
7770000908,DIETILCARBAMAZINA
7770000909,DIETILESTILBESTROL
7770000910,DIETILETER
7770000911,DIETILTOLUAMIDA
7770000912,DIFEMANILO
7770000913,DIFEMANILO Y PSICOLEPTICOS
7770000914,DIFEMERINA
7770000915,DIFENADIONA
7770000916,DIFENHIDRAMINA
7770000917,"DIFENHIDRAMINA,METILBROMURO DE"
7770000918,DIFENILPIRALINA
7770000919,DIFENOXILATO
7770000920,DIFENOXINA
7770000921,DIFENPIRAMINA
7770000922,DIFETARSONA
7770000923,DIFLORASONA
7770000924,DIFLUCORTOLONA
7770000925,DIFLUCORTOLONA CON ANTISEPTICOS
7770000926,DIFLUNISAL
7770000927,DIFLUPREDNATO
7770000928,DIFTERIA-HAEMOPHILUS INFLUENZAE B- PERTUSSIS-POLIOMIELITIS- TETANOS
7770000929,DIFTERIA-HAEMOPHILUS INFLUENZAE B- PERTUSSIS-POLIOMIELITIS- TETANOSHEPATITIS B
7770000930,DIFTERIA-HEPATITIS B-PERTUSSIS-TETANOS
7770000931,DIFTERIA-HEPATITIS B-TETANOS
7770000932,DIFTERIA-PERTUSSIS-POLIOMIELITIS-TETANOS
7770000933,DIFTERIA-POLIOMIELITIS-TETANOS
7770000934,DIFTERIA-RUBEOLA-TETANOS
7770000935,"DIFTERICA,ANTITOXINA"
7770000936,"DIFTERICO,TOXOIDE"
7770000937,"DIGITAL,HOJAS DE"
7770000938,"DIGITALICA,ANTI-TOXINA"
7770000939,DIGITOXINA
7770000940,DIGOXINA
7770000941,DIHEXIVERINA
7770000942,DIHIDRALAZINA
7770000943,DIHIDRALAZINA Y DIURETICOS
7770000944,DIHIDRALAZINA Y DIURETICOS CON OTRAS DROGAS
7770000945,DIHIDROCODEINA
7770000946,DIHIDROEMETINA
7770000947,"DIHIDROERGOCRIPTINA,MESILATO DE"
7770000948,DIHIDROERGOCRISTINA
7770000949,DIHIDROERGOTAMINA
7770000950,DIHIDROESTREPTOMICINA
7770000951,DIHIDROGESTERONA
7770000952,DIHIDROTAQUISTEROL
7770000953,DIIODOHIDROXIPROPANO
7770000954,DIIODOHIDROXIQUINOLEINA
7770000955,DIIOODOTIROSINA
7770000956,DIISOPROMINA
7770000957,DILAZEP
7770000958,DILOXANIDA
7770000959,DILTIAZEM
7770000960,DIMAZOL
7770000961,DIMEFLINA
7770000962,DIMELAMINOPROPIONILFENOTIAZINA
7770000963,DIMEMORFANO
7770000964,DIMERCAPROL
7770000965,DIMETIL SULFOXIDO
7770000966,DIMETILCARBATO
7770000967,DIMETILFTALATO
7770000968,DIMETILTUBOCURARINA
7770000969,DIMETINDENO
7770000970,DIMETOFRINA
7770000971,DIMETOTIAZINA
7770000972,DINITRATO DE ISOSORBIDA
7770000973,DINITRATO DE METILPROPILPROPANEDIOL
7770000974,DINOPROST
7770000975,DINOPROSTONA
7770000976,DIODONA
7770000977,DIOSMECTITA
7770000978,DIOSMINA
7770000979,DIOXIDO DE CARBONO
7770000980,"DIOXIDO DE CARBONO,DROGAS QUE PRODUCEN"
7770000981,DIPIPERONILAMINOETANOL
7770000982,DIPIRIDAMOL
7770000983,DIPIROCETILO
7770000984,DIPIROCETILO CON CORTICOSTEROIDES
7770000985,DIPIROCETILO CON PSICOLEPTICOS
7770000986,DIPIROCETILO EEXCLUIDOS PSICOLEPTICOS
7770000987,DIPIVEFRINA
7770000988,DIPROFILINA
7770000989,DIPROFILINA Y ADRENERGICOS
7770000990,DIRITROMICINA
7770000991,DISOPIRAMIDA
7770000992,DISPROSIO 165DY COLOIDAL
7770000993,DISTIGMINA
7770000994,DISULFIRAM
7770000995,DISULFIRAM CON
7770000996,DISURIDINA
7770000997,DITAZOLA
7770000998,DITRANOL
7770000999,DIU PLASTICOS
7770001000,DIU PLASTICOS CON COBRE
7770001001,DIU PLASTICOS CON PROGESTAGENO
7770001002,DIXANTOGENO
7770001003,DIXIRAZINA
7770001004,DOBESILATO DE CALCIO
7770001005,DOBESILATO DE CALCIO CON
7770001006,DOBUTAMINA
7770001007,DOCETAXEL
7770001008,DOCOSANOL
7770001009,DOCUSATO DE SODIO
7770001010,"DOCUSATO DE SODIO,INCL. COMBINACIONES"
7770001011,DODECLONIO BROMURO DE
7770001012,DOFETILIDA
7770001013,DOLASETRON
7770001014,DOMIFENO
7770001015,DOMIODOL
7770001016,DOMPERIDONA
7770001017,DONEPEZILO
7770001018,DOPAMINA
7770001019,DOPEXAMINA
7770001020,DORNASA ALFA DESOXIRRIBONUCLEASA
7770001021,DORZOLAMIDA
7770001022,DOSULEPINA
7770001023,"DOXACURIO,CLORURO DE"
7770001024,DOXAPRAM
7770001025,DOXAZOSINA
7770001026,DOXEFAZEPAM
7770001027,DOXEPINA
7770001028,DOXERCALCIFEROL
7770001029,DOXICICLINA
7770001030,DOXILAMINA
7770001031,DOXOFILINA
7770001032,DOXORUBICINA
7770001033,DRONABINOL
7770001034,DROPERIDOL
7770001035,DROPROPIZINA
7770001036,DROSPIRENONA Y ESTROGENO
7770001037,DROSPIRENONA Y ETINILESTRADIOL
7770001038,DROTAVERINA
7770001039,DROTRECOGINA ALFA ACTIVADO
7770001040,DROXICAM
7770001041,DROXIPROPINA
7770001042,DULOXETINA
7770001043,DUTASTERIDA
7770001044,EBASTINA
7770001045,ECONAZOL
7770001046,ECOTIOPATO
7770001047,EDETATOS
7770001048,EDOXUDINA
7770001049,EDRECOLOMAB
7770001050,EFALIZUMAB
7770001051,EFAPROXIRAL
7770001052,EFAVIRENZ
7770001053,EFEDRINA
7770001054,EFLORNITINA
7770001055,EFLOXATO
7770001056,EL BUPROPION
7770001057,"EL FIBRINOGENO,HUMANO"
7770001058,EL PIMECROLIMUS
7770001059,ELCATONINA
7770001060,ELECTROLITOS
7770001061,ELECTROLITOS CON CARBOHIDRATOS
7770001062,ELECTROLITOS EN COMBINACION CON OTRAS DROGAS
7770001063,ELETRIPTAN
7770001064,EMEDASTINA
7770001065,EMEPRONIO
7770001066,EMEPRONIO Y PSICOLEPTICOS
7770001067,EMETINA
7770001068,EMILCAMATO
7770001069,EMTRICITABINA
7770001070,"EMTRICITABINA,TENOFOVIR DISOPROXIL Y EFAVIRENZ"
7770001071,EMULSIONES GRASAS
7770001072,ENALAPRIL
7770001073,ENALAPRIL Y DIURETICOS
7770001074,ENCAINIDA
7770001075,"ENCEFALITIS JAPONESA,VIRUS ENTERO INACTIVADO"
7770001076,"ENCEFALITIS TRANSMITIDA POR GARRAPATAS,VIRUS ENTERO INACTIVADO"
7770001077,ENDRALAZINA
7770001078,ENEMAS
7770001079,ENFLURANO
7770001080,ENFUVIRTIDA
7770001081,ENOXACINO
7770001082,ENOXAPARINA
7770001083,ENOXIMONA
7770001084,ENPROSTILO
7770001085,ENTACAPONA
7770001086,ENTECAVIR
7770001087,EOSINA
7770001088,EPANOLOL
7770001089,EPICILINA
7770001090,EPIMESTROL
7770001091,EPINASTINA
7770001092,EPINEFRINA
7770001093,EPINEFRINA CON
7770001094,EPINEFRINA Y OTROS AGENTES CONTRA PADECIMIENTOS OBSTRUCTIVOS DE LAS VIAS RESPIRATORIAS
7770001095,EPIRUBICINA
7770001096,EPITIZIDA Y AGENTES AHORRADORES DE POTASIO
7770001097,EPLERENONA
7770001098,EPOMEDIOL
7770001099,EPOPROSTENOL
7770001100,EPRAZINONA
7770001101,EPROSARTAN
7770001102,EPROSARTAN Y DIURETICOS
7770001103,EPROZINOL
7770001104,EPTACOG ALFA ACTIVADO
7770001105,EPTOTERMIN ALFA
7770001106,ERBIO 169ER CITRATO COLOIDAL
7770001107,ERDOSTEINA
7770001108,ERGOCALCIFEROL
7770001109,ERGOLOIDES MESILATOS
7770001110,ERGOMETRINA
7770001111,"ERGOT,ALCALOIDES DEL"
7770001112,ERGOTAMINA
7770001113,ERGOTAMINA CON PSICOLEPTICOS
7770001114,ERGOTAMINA EXCLUIDOS PSICOLEPTICOS
7770001115,ERITROMICINA
7770001116,ERITROMICINA CON
7770001117,ERITROPOYETINA
7770001118,ERLOTINIB
7770001119,ESCOPOLAMINA
7770001120,ESKETAMINA
7770001121,ESLICARBAZEPINA
7770001122,ESMOLOL
7770001123,ESOMEPRAZOL
7770001124,"ESOMEPRAZOL,AMOXICILINA Y CLARITROMICINA"
7770001125,ESPARFLOXACINO
7770001126,ESPARTEINA
7770001127,ESPECTINOMICINA
7770001128,ESPIRAMICINA
7770001129,ESPIRAMICINA Y METRONIDAZOL
7770001130,ESPIRAPRIL
7770001131,ESPIRONOLACTONA
7770001132,ESTANOZOLOL
7770001133,ESTAVUDINA
7770001134,ESTAZOLAM
7770001135,ESTEPRONINA
7770001136,ESTERCULIA
7770001137,ESTERES ETILICOS DE ACIDOS GRASOS
7770001138,ESTIBOFENO
7770001139,ESTIBOGLUCONATO DE SODIO
7770001140,ESTIRAMATO
7770001141,ESTIRIPENTOL
7770001142,ESTRADIOL
7770001143,ESTRADIOL CON
7770001144,"ESTRAMONIO,PREPARADOS CON"
7770001145,ESTRAMUSTINA
7770001146,ESTREPTODUOCINA
7770001147,ESTREPTOMICINA
7770001148,ESTREPTOQUINASA
7770001149,ESTREPTOQUINASA CON
7770001150,ESTREPTOZOCINA
7770001151,ESTRIOL
7770001152,ESTROFANTINA G
7770001153,ESTROGENOS CONJUGADOS
7770001154,ESTRONA
7770001155,ESTRONCIO 89SR CLORURO DE
7770001156,"ETACRIDINA,LACTATO DE"
7770001157,ETADIONA
7770001158,ETAFENONA
7770001159,ETALOBARBITAL
7770001160,ETAMBUTOL
7770001161,ETAMIFILINA
7770001162,ETAMIFILINA Y ADRENERGICOS
7770001163,ETAMIVAN
7770001164,ETAMSILATO
7770001165,ETANAUTINA
7770001166,ETANERCEPT
7770001167,ETANOL
7770001168,ETENZAMIDA
7770001169,ETENZAMIDA CON PSICOLEPTICOS
7770001170,ETENZAMIDA EXCLUIDOS PSICOLEPTICOS
7770001171,ETIDOCAINA
7770001172,ETIFOXINA
7770001173,ETILANFETAMINA
7770001174,ETILBENZATROPINA
7770001175,ETILBISCUMACETATO
7770001176,ETILCLORURO
7770001177,ETILEFRINA
7770001178,ETILESTRENOL
7770001179,ETILEVODOPA CON INHIBIDOR DE LA DECARBOXILASA
7770001180,ETILMORFINA
7770001181,ETINILESTRADIOL
7770001182,ETINODIOL
7770001183,ETINODIOL Y ESTROGENO
7770001184,ETINODIOL Y ETINILESTRADIOL
7770001185,ETIONAMIDA
7770001186,ETISTERONA
7770001187,ETISTERONA Y ESTROGENO
7770001188,ETIZOLAM
7770001189,ETODOLACO
7770001190,ETOFAMIDA
7770001191,ETOFENAMATO
7770001192,ETOFIBRATO
7770001193,ETOFILINA
7770001194,ETOGLUCIDO
7770001195,ETOHEXADIOL
7770001196,ETOMIDATO
7770001197,ETONOGESTREL
7770001198,ETOPOSIDO
7770001199,ETOSUXIMIDA
7770001200,ETOSUXIMIDA CON
7770001201,ETOTOINA
7770001202,ETOZOLINA
7770001203,ETRAVIRINA
7770001204,ETRETINATO
7770001205,ETULOSA
7770001206,EUFLAVINA
7770001207,EVEROLIMUS
7770001208,EXEMESTANO
7770001209,EXENATIDA
7770001210,EZETIMIBA
7770001211,FACTOR IX DE LA COAGULACION
7770001212,FACTOR VII DE LA COAGULACION
7770001213,FACTOR VIII DE LA COAGULACION
7770001214,FACTOR VON WILLEBRAND Y FACTOR VIII DE LA COAGULACION EN COMBINACION
7770001215,FACTOR XIII DE LA COAGULACION
7770001216,"FACTORES DE LA COAGULACION IX,II,VII Y X EN COMBINACION"
7770001217,FAMCICLOVIR
7770001218,FAMOTIDINA
7770001219,FANQUINONA
7770001220,FASUDIL
7770001221,"FAZADINIO,BROMURO DE"
7770001222,FEBARBAMATO
7770001223,FEDRILATO
7770001224,FELBAMATO
7770001225,FELBINACO
7770001226,FELODIPINA
7770001227,FENACEMIDA
7770001228,FENACETINA
7770001229,FENACETINA CON PSICOLEPTICOS
7770001230,FENACETINA EXCLUIDOS PSICOLEPTICOS
7770001231,FENAZOCINA
7770001232,FENAZONA
7770001233,FENAZONA CON PSICOLEPTICOS
7770001234,FENAZONA EXCLUIDOS PSICOLEPTICOS
7770001235,FENAZOPIRIDINA
7770001236,FENBENDAZOL
7770001237,FENBUFEN
7770001238,FENCANFAMINA
7770001239,FENDILINA
7770001240,FENETICILINA
7770001241,FENETURIDA
7770001242,FENFLURAMINA
7770001243,FENFORMINA
7770001244,FENFORMINA Y SULFONAMIDAS
7770001245,FENGLUTARIMIDA
7770001246,FENILBUTAZONA
7770001247,FENILBUTAZONA CON CORTICOSTEROIDES
7770001248,FENILBUTIRATO DE SODIO
7770001249,FENILEFRINA
7770001250,FENILMERCURICO BORATO
7770001251,FENILMERCURICO NITRATO
7770001252,FENILPROPANOLAMINA
7770001253,FENINDAMINA
7770001254,FENINDIONA
7770001255,FENIRAMINA
7770001256,FENIRAMINOL
7770001257,FENITOINA
7770001258,FENITOINA CON
7770001259,FENOBARBITAL
7770001260,FENOFIBRATO
7770001261,FENOFTALEINA
7770001262,FENOL
7770001263,FENOLDOPAM
7770001264,FENOPROFENO
7770001265,FENOTEROL
7770001266,FENOTEROL Y OTROS MEDICAMENTOS PARA LAS ENFERMEDADES DE LAS VIAS RESPIRATORIAS OBSTRUCTIVAS
7770001267,FENOTRINA
7770001268,FENOVERINA
7770001269,FENOXAZOLINA
7770001270,FENOXIBENZAMINA
7770001271,FENOXIMETILPENICILINA
7770001272,FENOXIMETILPENICILINA BENZATINICA
7770001273,FENOZOLONA
7770001274,FENPIPRANO
7770001275,FENPIVERINIO
7770001276,FENPROBAMATO
7770001277,FENPROBAMATO CON PSICOLEPTICOS
7770001278,FENPROBAMATO EXCLUIDOS PSICOLEPTICOS
7770001279,FENPROCUMONA
7770001280,FENQUIZONA
7770001281,FENSPIRIDA
7770001282,FENSUXIMIDA
7770001283,FENTANILO
7770001284,FENTERMINA
7770001285,FENTIAZACO
7770001286,FENTICONAZOL
7770001287,FENTOLAMINA
7770001288,FENTONIO
7770001289,FEPRAZONA
7770001290,FEREDETATO DE SODIO
7770001291,FERRICO 59FE CITRATO
7770001292,FERRICO AMONIO CITRATO
7770001293,FERRISTENO
7770001294,"FERROSO AMINOACIDOS,COMPLEJO DE"
7770001295,FERROSO SUCCINATO
7770001296,FERUMOXSIL
7770001297,FESOTERODINA
7770001298,FEXOFENADINA
7770001299,FIBRINOGENO 125I
7770001300,FIBRINOGENO HUMANO
7770001301,FIBRINOLISINA
7770001302,FIBRINOLISINA Y DESOXIRRIBONUCLEASA
7770001303,FILGRASTIM
7770001304,FINASTERIDA
7770001305,FIPEXIDA
7770001306,FISOSTIGMINA
7770001307,FITOMENADIONA
7770001308,FLAVOXATO
7770001309,FLECAINIDA
7770001310,FLEROXACINO
7770001311,FLOCTAFENINA
7770001312,FLORES
7770001313,FLOROGLUCINOL
7770001314,FLOSEQUINAN
7770001315,FLUANISONA
7770001316,FLUBENDAZOL
7770001317,FLUCITOSINA
7770001318,FLUCLOROLONA
7770001319,FLUCLOXACILINA
7770001320,FLUCONAZOL
7770001321,FLUDARABINA
7770001322,FLUDESOXIGLUCOSA 18F
7770001323,FLUDIAZEPAM
7770001324,FLUDROCORTISONA
7770001325,FLUDROCORTISONA Y ANTIINFECCIOSOS
7770001326,FLUDROXICORTIDA
7770001327,FLUDROXICORTIDA CON ANTIBIOTICOS
7770001328,FLUFENAZINA
7770001329,FLUMAZENIL
7770001330,FLUMEDROXONA
7770001331,FLUMEQUINA
7770001332,FLUMETASONA
7770001333,FLUMETASONA CON ANTIBIOTICOS
7770001334,FLUMETASONA CON ANTISEPTICOS
7770001335,FLUMETASONA Y ANTIINFECCIOSOS
7770001336,FLUNARIZINA
7770001337,FLUNISOLIDA
7770001338,FLUNITRAZEPAM
7770001339,FLUNOXAPROFENO
7770001340,FLUOCINOLONA CON ANTIBIOTICOS
7770001341,FLUOCINOLONA Y ANTIINFECCIOSOS
7770001342,"FLUOCINOLONA,ACETONIDO DE"
7770001343,"FLUOCINOLONA,ACETONIDO DE,CON ANTISEPTICOS"
7770001344,"FLUOCINOLONA,ACETONIDO Y ANTIINFECCIOSOS"
7770001345,FLUOCINONIDA
7770001346,FLUOCINONIDA CON ANTIBIOTICOS
7770001347,FLUOCORTINA
7770001348,FLUOCORTOLONA
7770001349,FLUOCORTOLONA CON ANTIBIOTICOS
7770001350,FLUOCORTOLONA CON ANTISEPTICOS
7770001351,FLUOCORTOLONA Y ANTIINFECCIOSOS
7770001352,FLUODEOXIGLUCOSA 18F
7770001353,FLUORESCEINA
7770001354,FLUOROMETOLONA
7770001355,FLUOROMETOLONA CON ANTIBIOTICOS
7770001356,FLUOROMETOLONA Y ANTIINFECCIOSOS
7770001357,FLUOROMETOLONA Y MIDRIATICOS
7770001358,FLUOROURACILO
7770001359,FLUORURO CON
7770001360,FLUORURO DE ESTANO
7770001361,FLUORURO DE SODIO
7770001362,FLUOSTIGMINA
7770001363,FLUOXIMESTERONA
7770001364,FLUPENTIXOL
7770001365,FLUPEROLONA
7770001366,FLUPIRTINA
7770001367,FLUPREDNIDENO
7770001368,FLUPREDNIDENO CON ANTIBIOTICOS
7770001369,FLURAZEPAM
7770001370,FLURBIPROFENO
7770001371,FLURITROMICINA
7770001372,FLUSPIRILENO
7770001373,FLUTAMIDA
7770001374,FLUTICASONA
7770001375,FLUTRIMAZOL
7770001376,FLUVASTATINA
7770001377,FOLCODINA
7770001378,FOLINATO DE CALCIO
7770001379,FOLINATO DE SODIO
7770001380,FOLITROPINA ALFA
7770001381,FOLITROPINA BETA
7770001382,FOMEPIZOL
7770001383,FOMIVIRSENO
7770001384,FONDAPARINUX
7770001385,FORMESTANO
7770001386,FORMOCORTAL
7770001387,FORMOTEROL
7770001388,FORMOTEROL Y BUDESONIDA
7770001389,FOSCARNET
7770001390,FOSFATO DE ALUMINIO
7770001391,FOSFATO DE CALCIO
7770001392,FOSFATO DE MAGNESIO
7770001393,"FOSFATO DE POTASIO,INCL. COMBINACIONES CON OTRAS SALES DE POTASIO"
7770001394,FOSFATO DE SODIO
7770001395,FOSFATO DE SODIO 32P
7770001396,FOSFENITOINA
7770001397,FOSFESTROL
7770001398,FOSFOCREATININA
7770001399,FOSFOLIPIDOS NATURALES
7770001400,"FOSFOLIPIDOS,MICROESFERAS DE"
7770001401,FOSFOMICINA
7770001402,FOSFONET
7770001403,FOSFORO 32P FOSFATO CROMICO COLOIDAL
7770001404,FOSINOPRIL
7770001405,FOSINOPRIL Y DIURETICOS
7770001406,FOTEMUSTINA
7770001407,FRAMICETINA
7770001408,FROVATRIPTAN
7770001409,FRUCTOSA
7770001410,"FRUCTOSA 1,6-DIFOSFATO"
7770001411,FTALILSULFATIAZOL
7770001412,FULVESTRANT
7770001413,FUMARATO FERROSO
7770001414,FURAZOLIDONA
7770001415,FUROSEMIDA
7770001416,FUROSEMIDA Y AGENTES AHORRADORES DE POTASIO
7770001417,FUROSEMIDA Y POTASIO
7770001418,FUSAFUNGINA
7770001419,GABAPENTINA
7770001420,GADOBUTROL
7770001421,GADODIAMIDA
7770001422,GADOFOSVESET
7770001423,GADOTERIDOL
7770001424,GADOVERSETAMIDA
7770001425,GALACTOSA
7770001426,"GALACTOSA,MICROPARTICULAS DE"
7770001427,GALAMINA
7770001428,GALANTAMINA
7770001429,"GALIO 67GA,CITRATO DE"
7770001430,GALOPAMILO
7770001431,GALSULFASA
7770001432,GANCICLOVIR
7770001433,"GANGRENA GASEOSA,SUERO CONTRA LA"
7770001434,GANIRELIX
7770001435,GATIFLOXACINO
7770001436,GEDOCARNILO
7770001437,GEFARNATO
7770001438,GEFARNATO CON PSICOLEPTICOS
7770001439,GEFITINIB
7770001440,"GELATINA ABSORBENTE,ESPONJA CON"
7770001441,"GELATINA,AGENTES CON"
7770001442,GEMCITABINA
7770001443,GEMEPROST
7770001444,GEMFIBROZILO
7770001445,GEMIFLOXACINO
7770001446,GEMTUZUMAB
7770001447,GENTAMICINA
7770001448,GEPEFRINA
7770001449,GEPIRONA
7770001450,GESTODENO Y ETINILESTRADIOL
7770001451,GESTONORONA
7770001452,GESTRINONA
7770001453,GINKGO FOLIUM
7770001454,GITOFORMATO
7770001455,GLAFENINA
7770001456,"GLANDULA TIROIDES,PREPARADOS DE"
7770001457,"GLATIRAMERO,ACETATO DE"
7770001458,GLIBENCLAMIDA
7770001459,GLIBORNURIDA
7770001460,GLICERILFOSFATO DE CALCIO
7770001461,GLICEROFOSFATO DE SODIO
7770001462,GLICEROL
7770001463,GLICINA
7770001464,GLICINATO DE ALUMINIO
7770001465,GLICLAZIDA
7770001466,GLICOBIARSOL
7770001467,GLICOPIRRONIO BROMURO DE
7770001468,GLICOPIRRONIO BROMURO DE Y PSICOLEPTICOS
7770001469,GLICOSIDOS DEL SENNA
7770001470,GLIMEPIRIDA
7770001471,GLIMEPIRIDA Y PIOGLITAZONA
7770001472,GLIMEPIRIDA Y ROSIGLITAZONA
7770001473,GLIMIDINA
7770001474,GLIPIZIDA
7770001475,GLIQUIDONA
7770001476,GLISOXEPIDA
7770001477,GLUBIONATO DE CALCIO
7770001478,GLUCAGON
7770001479,GLUCOHEPTONATO DE CALCIO
7770001480,GLUCONATO DE CALCIO
7770001481,GLUCONATO DE MAGNESIO
7770001482,GLUCONATO DE POTASIO
7770001483,GLUCONATO DE ZINC
7770001484,GLUCONATO FERROSO
7770001485,GLUCOSA
7770001486,GLUCOSAMINA
7770001487,GLUCOSAMINOGLICANO POLISULFATO
7770001488,GLUTAMINA
7770001489,GLUTATION
7770001490,GLUTETIMIDA
7770001491,GOMA GUAR
7770001492,GONADORELINA
7770001493,GONADOTROFINA CORIONICA
7770001494,GONADOTROFINA HUMANA DE MENOPAUSICAS
7770001495,GONADOTROFINA SERICA
7770001496,GOSERELINA
7770001497,GRAMICIDINA
7770001498,GRANISETRON
7770001499,GREPAFLOXACINO
7770001500,GRISEOFULVINA
7770001501,GUACETISAL
7770001502,GUAIAZULENO
7770001503,GUAIFENESINA
7770001504,GUANAZODINA
7770001505,GUANETIDINA
7770001506,GUANETIDINA Y DIURETICOS
7770001507,GUANFACINA
7770001508,GUANOCLORO
7770001509,GUANOXABENZO
7770001510,GUANOXANO
7770001511,GUAYACOLSULFONATO
7770001512,GUSPERIMUS
7770001513,HACHIMICINA
7770001514,HAEMOPHILUS INFLUENZAE B CON PERTUSSIS Y TOXOIDES
7770001515,HAEMOPHILUS INFLUENZAE B CON TOXOIDES
7770001516,HAEMOPHILUS INFLUENZAE B Y HEPATITIS B
7770001517,HAEMOPHILUS INFLUENZAE B Y POLIOMIELITIS
7770001518,"HAEMOPHILUS INFLUENZAE B,ANTIGENO PURIFICADO CONJUGADO"
7770001519,HALAZEPAM
7770001520,HALCINONIDA
7770001521,HALOFANTRINA
7770001522,HALOMETASONA
7770001523,HALOPERIDOL
7770001524,HALOPROGINA
7770001525,HALOTANO
7770001526,HELIO
7770001527,HEMATINA
7770001528,HEMOGLOBINA CROSFUMARILO
7770001529,HEMOGLOBINA RAFIMERA
7770001530,HEPARINA
7770001531,HEPARINA CON
7770001532,HEPARINA DE
7770001533,HEPARINOIDES CON
7770001534,HEPARINOIDES ORGANICOS
7770001535,"HEPATITIS A,VIRUS ENTERO INACTIVADO"
7770001536,"HEPATITIS B,ANTIGENO PURIFICADO DE"
7770001537,HEPTABARBITAL
7770001538,HEPTAMINOL
7770001539,HETACILINA
7770001540,HEXACLOROFENO
7770001541,HEXAFLURONIO
7770001542,HEXAMIDINA
7770001543,HEXETIDINA
7770001544,HEXILRESORCINOL
7770001545,HEXOBARBITAL
7770001546,HEXOBENDINA
7770001547,HEXOCICLO
7770001548,HEXOPRENALINA
7770001549,HIALURONIDASA
7770001550,HIDRALAZINA
7770001551,HIDRALAZINA Y DIURETICOS
7770001552,HIDRATO DE CLORAL
7770001553,"HIDRATO DE CLORAL,ACETILGLICINAMIDA DEL"
7770001554,HIDROCLOROTIAZIDA
7770001555,HIDROCLOROTIAZIDA Y AGENTES AHORRADORES DE POTASIO
7770001556,HIDROCLOROTIAZIDA Y POTASIO
7770001557,HIDROCODONA
7770001558,HIDROCORTISONA
7770001559,HIDROCORTISONA CON ANTIBIOTICOS
7770001560,HIDROCORTISONA CON ANTISEPTICOS
7770001561,HIDROCORTISONA Y ANTIINFECCIOSOS
7770001562,HIDROCORTISONA Y MIDRIATICOS
7770001563,"HIDROCORTISONA,ACEPONATO DE"
7770001564,"HIDROCORTISONA,BUTEPRATO DE"
7770001565,"HIDROCORTISONA,BUTIRATO DE"
7770001566,"HIDROCORTISONA,BUTIRATO DE,CON ANTISEPTICOS"
7770001567,HIDROFLUMETIAZIDA
7770001568,HIDROFLUMETIAZIDA Y POTASIO
7770001569,HIDROMORFONA
7770001570,HIDROMORFONA CON ANTIESPASMODICOS
7770001571,HIDROQUININA
7770001572,HIDROQUINONA
7770001573,HIDROSMINA
7770001574,HIDROTALCITA
7770001575,HIDROXIBENZOATO DE ETILO
7770001576,HIDROXICARBAMIDA
7770001577,HIDROXICLOROQUINA
7770001578,HIDROXIDO DE ALUMINIO
7770001579,HIDROXIDO DE MAGNESIO
7770001580,HIDROXIDO FERRICO
7770001581,HIDROXIETIL ALMIDON
7770001582,HIDROXIETILPROMETAZINA
7770001583,HIDROXIPROGESTERONA
7770001584,HIDROXIPROGESTERONA Y ESTROGENO
7770001585,HIDROXIZINA
7770001586,HIDROXOCOBALAMINA
7770001587,"HIERRO SACARATADO,OXIDO DE"
7770001588,HIERRO Y MULTIVITAMINAS
7770001589,"HIERRO,MULTIVITAMINAS Y ACIDO FOLICO"
7770001590,"HIERRO,MULTIVITAMINAS Y MINERALES"
7770001591,"HIERRO,VITAMINA B12 Y ACIDO FOLICO"
7770001592,HIMECROMONA
7770001593,HIOSCIAMINA
7770001594,HIOSCIAMINA Y PSICOLEPTICOS
7770001595,HIPOCLORITO DE SODIO
7770001596,HIPROMELOSA
7770001597,HISTAMINA FOSFATO DE
7770001598,HISTAPIRRODINA
7770001599,HISTRELINA
7770001600,HOMATROPINA
7770001601,IBACITABINA
7770001602,IBOPAMINA
7770001603,IBUDILAST
7770001604,IBUPROFENO
7770001605,IBUPROXAM
7770001606,IBUTILIDA
7770001607,ICTASOL
7770001608,IDANPRAMINA
7770001609,IDARUBICINA
7770001610,IDEBENONA
7770001611,IDOXURIDINA
7770001612,IDURSULFASA
7770001613,IFENPRODIL
7770001614,IFOSFAMIDA
7770001615,ILOPROST
7770001616,IMATINIB
7770001617,IMIDAPRIL
7770001618,IMIGLUCERASA
7770001619,IMIPRAMINA
7770001620,IMIPRAMINOXIDO
7770001621,IMIQUIMOD
7770001622,IMOLAMINA
7770001623,INDAPAMIDA
7770001624,INDINAVIR
7770001625,INDIO 111IN ANTICUERPO ANTICARCINOMA DE OVARIO
7770001626,INDIO 111IN CAPROMAB PENDETIDO
7770001627,INDIO 111IN IMCIROMAB
7770001628,INDIO 111IN PENTETREOTIDO
7770001629,INDIO 111IN SATUMOMAB PENTETIDO
7770001630,"INDIO 111IN,OXINATO DE,CELULAS MARCADAS CON"
7770001631,"INDIO 111IN,PENTETATO DE"
7770001632,"INDIO 111IN,TROPOLONATO DE,CELULAS MARCADAS CON"
7770001633,INDOBUFEN
7770001634,INDOMETACINA
7770001635,INDOPROFENO
7770001636,INDORAMINA
7770001637,INFLIXIMAB
7770001638,"INFLUENZA,VIRUS ENTERO INACTIVADO"
7770001639,INMUNOCIANINA
7770001640,INMUNOGLOBULINA ANTI-D RH
7770001641,INMUNOGLOBULINA ANTI-VARICELA/ZOSTER
7770001642,INMUNOGLOBULINA ANTICITOMEGALOVIRUS
7770001643,INMUNOGLOBULINA ANTIDIFTERICA
7770001644,INMUNOGLOBULINA ANTIESTAFILOCOCO
7770001645,INMUNOGLOBULINA ANTIHEPATITIS A
7770001646,INMUNOGLOBULINA ANTIHEPATITIS B
7770001647,INMUNOGLOBULINA ANTILINFOCITARIA
7770001648,INMUNOGLOBULINA ANTIPAROTIDITICA
7770001649,INMUNOGLOBULINA ANTIPERTUSSIS
7770001650,INMUNOGLOBULINA ANTIRRABICA
7770001651,INMUNOGLOBULINA ANTIRRUBEOLICA
7770001652,INMUNOGLOBULINA ANTISARAMPIONOSA
7770001653,INMUNOGLOBULINA ANTITETANICA
7770001654,INMUNOGLOBULINA ANTIVACCINIA
7770001655,INMUNOGLOBULINA CONTRA TIMOCITOS
7770001656,"INMUNOGLOBULINA,ANTIENCEFALITIS,TRANSMITIDA POR GARRAPATAS"
7770001657,INMUNOGLOBULINAS HUMANAS NORMALES PARA ADM. EXTRAVASCULAR
7770001658,INMUNOGLOBULINAS HUMANAS NORMALES PARA ADM. INTRAVASCULAR
7770001659,INOSINA
7770001660,INOSINA PRANOVEX
7770001661,INOSITOL
7770001662,INSECTOS
7770001663,INSULINA ASPARTA
7770001664,INSULINA BOVINA
7770001665,INSULINA DEGLUDEC Y INSULINA ASPARTA
7770001666,INSULINA DETEMIR
7770001667,INSULINA GLARGINA
7770001668,INSULINA HUMANA
7770001669,INSULINA LISPRO
7770001670,INSULINA PORCINA
7770001671,INTERFERON
7770001672,INTERFERON ALFA NATURAL
7770001673,INTERFERON ALFA-2A
7770001674,INTERFERON ALFA-2B
7770001675,INTERFERON ALFA-N1
7770001676,INTERFERON ALFACON-1
7770001677,INTERFERON BETA NATURAL
7770001678,INTERFERON BETA-1A
7770001679,INTERFERON BETA-1B
7770001680,INTERFERON GAMMA
7770001681,INTRIFIBAN
7770001682,IOBENGUANO 123I
7770001683,IOBENGUANO 131I
7770001684,IOBITRIDOL
7770001685,IODAMIDA
7770001686,IODATO FERROSO
7770001687,IODIXANOL
7770001688,IODO
7770001689,IODO 123I IOFETAMINA
7770001690,IODO 123I IOFLUPANO
7770001691,IODO 123I JOLOPRIDA
7770001692,IODO 125I ALBUMINA HUMANA
7770001693,IODO 125I CC49-ANTICUERPO MONOCLONAL
7770001694,IODO 131I ALBUMINA HUMANA
7770001695,IODO 131I NORCOLESTEROL
7770001696,IODO CADEXOMERO
7770001697,IODO POVIDONA
7770001698,IODO/OCTILFENOXIPOLIGLICOLETER
7770001699,IODOCOLESTEROL 131I
7770001700,IODOHEPARINATO
7770001701,IODOHIPURATO DE SODIO 123I
7770001702,IODOHIPURATO DE SODIO 131I
7770001703,IODURO DE POTASIO
7770001704,IODURO DE SODIO 123I
7770001705,IODURO DE SODIO 131I
7770001706,IOFENDILATO
7770001707,IOHEXOL
7770001708,IOMEPROL
7770001709,IOPAMIDOL
7770001710,IOPENTOL
7770001711,IOPIDOL
7770001712,IOPODATO DE CALCIO
7770001713,IOPODATO DE SODIO
7770001714,IOPROMIDA
7770001715,IOTALAMATO DE SODIO 125I
7770001716,IOTROLAN
7770001717,IOVERSOL
7770001718,IOXILAN
7770001719,IPECACUANA
7770001720,"IPRATROPIO,BROMURO DE"
7770001721,IPRAZOCROMO
7770001722,IPRIFLAVONA
7770001723,IPRINDOL
7770001724,IPROCLOZIDA
7770001725,IPRONIAZIDA
7770001726,IRBESARTAN
7770001727,IRBESARTAN Y DIURETICOS
7770001728,IRINOTECAN
7770001729,ISEPAMICINA
7770001730,ISOAMINILO
7770001731,ISOBROMINDIONA
7770001732,ISOCONAZOL
7770001733,ISOETARINA
7770001734,ISOFLURANO
7770001735,ISOMETEPTENO
7770001736,ISONIAZIDA
7770001737,ISOPRENALINA
7770001738,ISOPRENALINA Y OTROS AGENTES CONTRA PADECIMIENTOS OBSTRUCTIVOS DE LAS VIAS RESPIRATORIAS
7770001739,ISOPROPAMIDA
7770001740,ISOPROPAMIDA Y PSICOLEPTICOS
7770001741,ISOPROPANOL
7770001742,ISOTIPENDILO
7770001743,ISOTRETINOINA
7770001744,ISOXSUPRINA
7770001745,ISPAGHULA
7770001746,ISPAGHULA SEMILLAS DE PSYLLIUM
7770001747,ISRADIPINA
7770001748,ITRACONAZOL
7770001749,"ITRAMINA,TOSILATO DE"
7770001750,ITRIO 90Y CITRATO COLOIDAL
7770001751,ITRIO 90Y COLOIDE FERROHIDROXIDO
7770001752,ITRIO 90Y SILICATO COLOIDAL
7770001753,IVERMECTINA
7770001754,IXABEPILONA
7770001755,JOSAMICINA
7770001756,KALIDINOGENASA
7770001757,KANAMICINA
7770001758,KEBUZONA
7770001759,KETAMINA
7770001760,KETANSERINA
7770001761,KETAZOLAM
7770001762,KETOCONAZOL
7770001763,KETOPROFENO
7770001764,KETOROLACO
7770001765,KETOTIFENO
7770001766,LA NITROGLICERINA
7770001767,LA RIBAVIRINA
7770001768,LA TIBOLONA
7770001769,LABETALOL
7770001770,LABETALOL Y OTROS DIURETICOS
7770001771,LABETALOL Y TIAZIDAS
7770001772,LACIDIPINA
7770001773,LACOSAMIDA
7770001774,LACTATO DE CALCIO
7770001775,LACTATO DE MAGNESIO
7770001776,LACTATO DE POTASIO
7770001777,LACTATO Y GLUCONATO DE CALCIO
7770001778,LACTITOL
7770001779,"LACTOBACILO,FERMENTO"
7770001780,LACTULOSA
7770001781,LAFUTIDINA
7770001782,LAGRIMAS ARTIFICIALES Y OTROS PREPARADOS INERTES
7770001783,LAMIVUDINA
7770001784,LAMIVUDINE Y ABACAVIR
7770001785,LAMOTRIGINA
7770001786,LANATOSIDO C
7770001787,LANREOTIDA
7770001788,LANSOPRAZOL
7770001789,"LANSOPRAZOL,AMOXICILINA Y METRONIDAZOL"
7770001790,"LANSOPRAZOL,TETRACICLINAS Y METRONIDAZOL"
7770001791,"LANTANO,CARBONATO DE"
7770001792,LAPATINIB
7770001793,LARONIDASA
7770001794,LATANOPROST
7770001795,"LAURILSULFATO,INCL. COMBINACIONES"
7770001796,LAXANTES DE CONTACTO EN COMBINACION
7770001797,LAXANTES DE CONTACTO EN COMBINACION CON ALCALOIDES DE BELLADONA
7770001798,LEFLUNOMIDA
7770001799,LENOGRASTIM
7770001800,LENTINAN
7770001801,LEPIRUDINA
7770001802,LERCANIDIPINA
7770001803,LETOSTEINA
7770001804,LETROZOL
7770001805,LEUPRORELINA
7770001806,LEVACETILMETADOL
7770001807,LEVAMISOL
7770001808,LEVETIRACETAM
7770001809,LEVOBUNOLOL
7770001810,LEVOBUPIVACAINA
7770001811,LEVOCABASTINA
7770001812,LEVOCARNITINA
7770001813,LEVOCETIRIZINA
7770001814,LEVODOPA
7770001815,LEVODOPA CON INHIBIDOR DE LA DECARBOXILASA
7770001816,"LEVODOPA,INHIBIDOR DE LA DECARBOXILASA E INHIBIDOR DE LA COMT"
7770001817,LEVODROPROPIZINA
7770001818,LEVOFLOXACINO
7770001819,LEVOFOLINATO DE CALCIO
7770001820,LEVOMEPROMAZINA
7770001821,LEVONORGESTREL
7770001822,LEVONORGESTREL Y ESTROGENO
7770001823,LEVONORGESTREL Y ETINILESTRADIOL
7770001824,LEVOSIMENDAN
7770001825,LEVOTIROXINA SODICA
7770001826,LEVOTIROXINA Y LIOTIRONINA DE
7770001827,LEVOVERBENONA
7770001828,LEVULATO DE CALCIO
7770001829,LEVULINATO DE MAGNESIO
7770001830,LIDOCAINA
7770001831,LIDOFLAZINA
7770001832,LIMECICLINA
7770001833,LINAZA
7770001834,LINCOMICINA
7770001835,LINDANO
7770001836,LINESTRENOL
7770001837,LINESTRENOL Y ESTROGENO
7770001838,LINESTRENOL Y ETINILESTRADIOL
7770001839,LINESTREROL
7770001840,LINEZOLID
7770001841,LINOPIRDINA
7770001842,LINSIDOMINA
7770001843,LIOTIRONINA SODICA
7770001844,LIPRESINA
7770001845,LIRAGLUTIDA
7770001846,LISINA
7770001847,LISINOPRIL
7770001848,LISINOPRIL Y DIURETICOS
7770001849,LISOZIMA
7770001850,LISURIDA
7770001851,LITIO
7770001852,LODOXAMIDA
7770001853,LOFEPRAMINA
7770001854,LOFEXIDINA
7770001855,LOFLAZEPATO DE ETILO
7770001856,LOMEFLOXACINA
7770001857,LOMEFLOXACINO
7770001858,LOMUSTINA
7770001859,LONAZOLACO
7770001860,LONIDAMINA
7770001861,LOPERAMIDA
7770001862,"LOPERAMIDA,OXIDO DE"
7770001863,LOPINAVIR
7770001864,LOPRAZOLAM
7770001865,LORAJMINA
7770001866,LORATADINA
7770001867,LORAZEPAM
7770001868,LORCAINIDA
7770001869,LORMETAZEPAM
7770001870,LORNOXICAM
7770001871,LOSARTAN
7770001872,LOSARTAN Y DIURETICOS
7770001873,LOVASTATINA
7770001874,LOVASTATINA Y ACIDO NICOTINICO
7770001875,LUTROPINA ALFA
7770001876,MACROGOL
7770001877,MAFENIDA
7770001878,MAGALDRATO
7770001879,MAGALDRATO Y CARMINATIVOS
7770001880,MAGNESIO CARBONATO
7770001881,MAGNESIO COMBINACION DE DIFERENTES SALES
7770001882,MAGNESIO OXIDO
7770001883,MAGNESIO PEROXIDO
7770001884,MAGNESIO PIRIDOXAL 5-FOSFATO GLUTAMATO
7770001885,MAGNESIO SULFATO
7770001886,MALATION
7770001887,MANGAFODIPIR
7770001888,MANIDIPINA
7770001889,MANITOL
7770001890,MANOSULFANO
7770001891,MARAVIROC
7770001892,MASOPROCOL
7770001893,MAZATICOL
7770001894,MAZINDOL
7770001895,MEBENDAZOL
7770001896,MEBEVERINA
7770001897,MEBHIDROLINA
7770001898,MEBUTAMATO
7770001899,MEBUTIZIDA
7770001900,MEBUTIZIDA Y AGENTES AHORRADORES DE POTASIO
7770001901,MECAMILAMINA
7770001902,MECASERMINA
7770001903,MECILINAM
7770001904,MECLOCICLINA
7770001905,MECLOFENOXATO
7770001906,MECLOZINA
7770001907,MEDAZEPAM
7770001908,MEDIFOXAMINA
7770001909,MEDRISONA
7770001910,MEDROGESTONA
7770001911,MEDROGESTONA Y ESTROGENO
7770001912,MEDROXIPROGESTERONA
7770001913,MEDROXIPROGESTERONA Y ESTROGENO
7770001914,MEDROXIPROGESTERONA Y ETINILESTRADIOL
7770001915,MEFENESINA
7770001916,MEFENITOINA
7770001917,MEFENITOINA CON
7770001918,MEFENOREX
7770001919,MEFENOXALONA
7770001920,MEFENTERMINA
7770001921,MEFLOQUINA
7770001922,MEFRUSIDA
7770001923,MEFRUSIDA Y POTASIO
7770001924,MEGESTROL
7770001925,MEGESTROL Y ESTROGENO
7770001926,MEGESTROL Y ETINILESTRADIOL
7770001927,"MEGLUMINA,ANTIMONIATO DE"
7770001928,MEGLUTOL
7770001929,MELADRAZINA
7770001930,MELAGATRAN
7770001931,MELARSOPROL
7770001932,MELEVODOPA
7770001933,MELEVODOPA CON INHIBIDOR DE LA DECARBOXILASA
7770001934,MELFALAN
7770001935,MELITRACENO
7770001936,MELITRACENO Y PSICOLEPTICOS
7770001937,MELOXICAM
7770001938,MELPERONA
7770001939,MEMANTINA
7770001940,MENADIONA
7770001941,MEPACRINA
7770001942,MEPARTRICINA
7770001943,MEPENZOLATO
7770001944,MEPINDOLOL
7770001945,MEPIRAMINA
7770001946,MEPIVACAINA
7770001947,MEPIXANOX
7770001948,MEPREDNISONA
7770001949,MEPROBAMATO
7770001950,MEPROTIXOL
7770001951,MEQUINOL
7770001952,MEQUITAZINA
7770001953,MERCAPTAMINA
7770001954,MERCAPTOPURINA
7770001955,MERCURICO AMIDOCLORURO
7770001956,MERCURICO CLORURO
7770001957,MERCURICO IODURO
7770001958,MERCURIO METALICO
7770001959,"MERCURIO,COMPUESTOS DEL"
7770001960,MERCUROCROMO
7770001961,MERSALILO
7770001962,MESALAZINA
7770001963,MESNA
7770001964,MESORIDAZINA
7770001965,MESTEROLONA
7770001966,MESULFENO
7770001967,MESUXIMIDA
7770001968,METABUTETAMINA
7770001969,METACICLINA
7770001970,METACUALONA
7770001971,METADONA
7770001972,METADONA EXCLUIDOS PSICOLEPTICOS
7770001973,METAHEXAMIDA
7770001974,METALENESTRILO
7770001975,METAMIZOL SODICO CON PSICOLEPTICOS
7770001976,METAMIZOL SODICO DIPIRONA
7770001977,METAMIZOL SODICO EXCLUIDOS PSICOLEPTICOS
7770001978,METAMPICILINA
7770001979,METANDIENONA
7770001980,METANFETAMINA
7770001981,METANTELINIO
7770001982,METAPIRILENO
7770001983,METARAMINOL
7770001984,METARBITAL
7770001985,METDILAZINA
7770001986,METENAMINA
7770001987,METENOLONA
7770001988,METERGOLINA
7770001989,METFORMINA
7770001990,METFORMINA Y PIOGLITAZONA
7770001991,METFORMINA Y ROSIGLITAZONA
7770001992,METFORMINA Y SITAGLIPTINA
7770001993,METFORMINA Y SULFONAMIDAS
7770001994,METFORMINA Y VILDAGLIPTINA
7770001995,METICILINA
7770001996,METICLOTIAZIDA
7770001997,METICLOTIAZIDA Y POTASIO
7770001998,METICRANO
7770001999,METILAMINOLEVULINATO
7770002000,METILATROPINA
7770002001,METILCELULOSA
7770002002,METILDIGOXINA
7770002003,METILDOPA LEVOGIRA
7770002004,METILDOPA LEVOGIRA Y DIURETICOS
7770002005,METILDOPA RACEMICA
7770002006,METILERGOMETRINA
7770002007,METILERGOMETRINA Y OXITOCINA
7770002008,METILESCOPOLAMINA
7770002009,METILESCOPOLAMINA Y PSICOLEPTICOS
7770002010,METILESTRENOLONA
7770002011,METILFENIDATO
7770002012,METILFENOBARBITAL
7770002013,METILHOMATROPINA Y PSICOLEPTICOS
7770002014,METILNORTESTOSTERONA Y ESTROGENO
7770002015,METILPENTINOL
7770002016,METILPREDNISOLONA
7770002017,METILPREDNISOLONA CON ANTIBIOTICOS
7770002018,METILPREDNISOLONA Y ANTIINFECCIOSOS
7770002019,"METILPREDNISOLONA,ACEPONATO DE"
7770002020,METILROSANILINA
7770002021,METILTESTOSTERONA
7770002022,METILTESTOSTERONA Y ESTROGENO
7770002023,"METILTIONIMIO,CLORURO DE"
7770002024,METILTIOURACILO
7770002025,METIODAL
7770002026,METIONINA
7770002027,METIPRANOLOL
7770002028,METIPRANOLOL Y TIAZIDAS
7770002029,METIPRILON
7770002030,METIRAPONA
7770002031,METIROSINA
7770002032,METISAZONA
7770002033,METISERGIDA
7770002034,METIXENO
7770002035,METIZOLINA
7770002036,METOCARBAMOL
7770002037,METOCARBAMOL CON PSICOLEPTICOS
7770002038,METOCARBAMOL EXCLUIDOS PSICOLEPTICOS
7770002039,METOCLOPRAMIDA
7770002040,METOHEXITAL
7770002041,METOLAZONA
7770002042,METOLAZONA Y AGENTES AHORRADORES DE POTASIO
7770002043,METOPIMAZINA
7770002044,METOPROLOL
7770002045,METOPROLOL Y OTROS ANTIHIPERTENSIVOS
7770002046,METOPROLOL Y OTROS DIURETICOS
7770002047,METOPROLOL Y TIAZIDAS
7770002048,METOSERPIDINA
7770002049,METOSERPIDINA Y DIURETICOS
7770002050,METOTREXATO
7770002051,METOXAMINA
7770002052,METOXIFENAMINA
7770002053,METOXIFLURANO
7770002054,METOXSALENO
7770002055,METRIFONATO
7770002056,METRIZAMIDA
7770002057,METRONIDAZOL
7770002058,MEXILETINA
7770002059,MEZLOCILINA
7770002060,MIANSERINA
7770002061,MIBEFRADIL
7770002062,MICAFUNGINA
7770002063,MICONAZOL
7770002064,MICRONOMICINA
7770002065,MIDAZOLAM
7770002066,MIDECAMICINA
7770002067,MIDODRINA
7770002068,MIFEPRISTONA
7770002069,MIGLITOL
7770002070,MIGLUSTAT
7770002071,MILNACIPRAN
7770002072,MILRINONA
7770002073,MILTEFOSINA
7770002074,MINAPRINA
7770002075,MINOCICLINA
7770002076,MINOXIDIL
7770002077,MIOCAMICINA
7770002078,MIRISTILATO DE BENZALCONIO
7770002079,MIRTAZAPINA
7770002080,MISOPROSTOL
7770002081,MITIGLINIDA
7770002082,MITOBRONITOL
7770002083,MITOGUAZONA
7770002084,MITOMICINA
7770002085,MITOTANO
7770002086,MITOXANTRONA
7770002087,"MIVACURIO,CLORURO DE"
7770002088,MIZOLASTINA
7770002089,MOCLOBEMIDA
7770002090,MODAFINILO
7770002091,MOEXIPRIL
7770002092,MOEXIPRIL Y DIURETICOS
7770002093,MOFEBUTAZONA
7770002094,MOHO Y LEVADURAS DE HONGOS
7770002095,MOLGRAMOSTIM
7770002096,MOLINDONA
7770002097,MOLSIDOMINA
7770002098,MOMETASONA
7770002099,MONOBENZONA
7770002100,"MONOETANOLAMINA,OLEATO DE"
7770002101,MONOFLUORFOSFATO DE SODIO
7770002102,MONONITRATO DE ISOSORBIDA
7770002103,MONOXERUTINA
7770002104,MONTELUKAST
7770002105,MOPERONA
7770002106,MORACIZINA
7770002107,MORCLOFONA
7770002108,MORFINA
7770002109,MORFINA CON ANTIESPASMODICOS
7770002110,MORINAMIDA
7770002111,MORNIFLUMATO
7770002112,MOROXIDINA
7770002113,MOSAPRAMINA
7770002114,MOTRETINIDA
7770002115,MOXAVERINA
7770002116,MOXESTROL
7770002117,MOXIFLOXACINO
7770002118,MOXISILITA
7770002119,MOXONIDINA
7770002120,MOXONIDINA Y DIURETICOS
7770002121,"MULTIENZIMAS LIPASA,PROTEASA,ETC."
7770002122,MULTIENZIMAS Y PREPARADOS DE ACIDOS
7770002123,MULTIVITAMINICOS CON CALCIO
7770002124,MULTIVITAMINICOS CON HIERRO
7770002125,"MULTIVITAMINICOS CON OTROS MINERALES,INCL. COMBINACIONES"
7770002126,MULTIVITAMINICOS Y OLIGOELEMENTOS
7770002127,MUPIROCINA
7770002128,MUROMONAB-CD3
7770002129,MUZOLIMINA
7770002130,NABILONA
7770002131,NABUMETONA
7770002132,NADOLOL
7770002133,NADOLOL Y TIAZIDAS
7770002134,NADROPARINA
7770002135,NAFARELINA
7770002136,NAFAZOLINA
7770002137,NAFTIDROFURILO
7770002138,NAFTIFINA
7770002139,NALBUFINA
7770002140,NALORFINA
7770002141,NALOXONA
7770002142,NALTREXONA
7770002143,NANDROLONA
7770002144,NAPROXENO
7770002145,NARATRIPTAN
7770002146,NARCOBARBITAL
7770002147,NATAMICINA
7770002148,NATEGLINIDA
7770002149,NEBACUMAB
7770002150,NEBIVOLOL
7770002151,NEDOCROMIL
7770002152,NEDOCROMILO
7770002153,NEFAZODONA
7770002154,NEFOPAM
7770002155,NELFINAVIR
7770002156,NELTENEXINA
7770002157,NEOMICINA
7770002158,NEOSTIGMINA
7770002159,NEOSTIGMINA CON
7770002160,NEPINALONA
7770002161,NESIRITIDA
7770002162,NETILMICINA
7770002163,NEVIRAPINA
7770002164,NICARDIPINA
7770002165,NICERGOLINA
7770002166,NICERITROL
7770002167,NICLOSAMIDA
7770002168,NICOFETAMIDA
7770002169,NICOFURANOSA
7770002170,NICOMORFINA
7770002171,NICORANDIL
7770002172,NICOTINA
7770002173,NICOTINAMIDA
7770002174,NICOTINATO DE ALUMINIO
7770002175,NICOTINATO DE INOSITOL
7770002176,NICOTINATO DE XANTINOL
7770002177,NICOTINIL ALCOHOL PIRIDILCARBINOL
7770002178,NICOTINIL METILAMIDA
7770002179,"NICOTINILO,ALCOHOL PIRIDILCARBINOL"
7770002180,NIFEDIPINA
7770002181,NIFEDIPINA Y DIURETICOS
7770002182,NIFENAZONA
7770002183,NIFURANTEL
7770002184,NIFURCIDA
7770002185,NIFUROXAZIDA
7770002186,NIFURTIMOX
7770002187,NIFURTOINOL
7770002188,NIKETAMIDA
7770002189,NILOTINIB
7770002190,NILUTAMIDA
7770002191,NILVADIPINA
7770002192,NIMESULIDA
7770002193,NIMODIPINA
7770002194,NIMORAZOL
7770002195,NIMUSTINA
7770002196,NIPEROTIDINA
7770002197,NIRIDAZOL
7770002198,NISOLDIPINA
7770002199,NISTATINA
7770002200,NITISINONA
7770002201,NITRATO DE AMILO
7770002202,NITRATO DE SODIO
7770002203,NITRATOS ORGANICOS EN COMBINACION
7770002204,NITRATOS ORGANICOS EN COMBINACION CON PSICOLEPTICOS
7770002205,NITRAZEPAM
7770002206,NITRENDIPINA
7770002207,NITROFURAL
7770002208,NITROFURANTOINA
7770002209,NITROGENO
7770002210,NITROPRUSIATO
7770002211,NITROXOLINA
7770002212,NIZATIDINA
7770002213,NIZOFENONA
7770002214,NOMEGESTROL
7770002215,NOMIFENSINA
7770002216,NONACOG ALFA
7770002217,NORDAZEPAM
7770002218,NORELGESTROMINA Y ETINILESTRADIOL
7770002219,NOREPINEFRINA
7770002220,NORESTISTERONA Y ESTROGENO
7770002221,NORETANDROLONA
7770002222,NORETINODREL Y ESTROGENO
7770002223,NORETISTERONA
7770002224,NORETISTERONA Y ESTROGENO
7770002225,NORETISTERONA Y ETINILESTRADIOL
7770002226,NORFENEFRINA
7770002227,NORFLOXACINA
7770002228,NORFLOXACINO
7770002229,NORGESTIMATO Y ESTROGENO
7770002230,NORGESTIMATO Y ETINILESTRADIOL
7770002231,NORGESTREL Y ESTROGENO
7770002232,NORGESTREL Y ETINILESTRADIOL
7770002233,NORGESTRIENONA
7770002234,NORMETADONA
7770002235,NORTRIPTILINA
7770002236,NOSCAPINA
7770002237,NOXITIOLINO
7770002238,OBIDOXIMA
7770002239,OCTENIDINA
7770002240,OCTINOXATO
7770002241,OCTOPAMINA
7770002242,OCTREOTIDA
7770002243,OFATUMUMAB
7770002244,OFLOXACINA
7770002245,OFLOXACINO
7770002246,OLAFLUR
7770002247,OLEANDOMICINA
7770002248,OLEINATO DE COBRE
7770002249,OLMESARTAN MEDOXOMILO
7770002250,OLMESARTAN MEDOXOMILO Y AMLODIPINO
7770002251,OLMESARTAN MEDOXOMILO Y DIURETICOS
7770002252,OLOPATADINA
7770002253,OLSALAZINA
7770002254,OMALIZUMAB
7770002255,OMEPRAZOL
7770002256,"OMEPRAZOL,AMOXICILINA Y CLARITROMICINA"
7770002257,"OMEPRAZOL,AMOXICILINA Y METRONIDAZOL"
7770002258,OMOCONAZOL
7770002259,ONDANSETRON
7770002260,OPIO
7770002261,"OPIO,ALCALOIDES DEL,CON MORFINA"
7770002262,OPIPRAMOL
7770002263,OPRELVEKINA
7770002264,ORCIPRENALINA
7770002265,ORFENADRINA CLORURO
7770002266,ORFENADRINA CON
7770002267,"ORFENADRINA,CITRATO DE"
7770002268,ORGOTEINA
7770002269,ORLISTAT
7770002270,ORNIDAZOL
7770002271,"ORNITINA,OXOGLURATO DE"
7770002272,ORO 198AU COLOIDAL
7770002273,OROTATO DE MAGNESIO
7770002274,"OTILONIO,BROMURO DE"
7770002275,"OTILONIO,BROMURO DE,Y PSICOLEPTICOS"
7770002276,OTRAS FRACCIONES PROTEICAS DEL PLASMA
7770002277,OTRAS PREPARACIONES
7770002278,OTROS
7770002279,"OXABOLONA,CIPIONATO DE"
7770002280,OXACEPROL
7770002281,OXACILINA
7770002282,OXAFLOZANO
7770002283,OXALATO DE CERIO
7770002284,OXALIPLATINO
7770002285,OXAMETACINA
7770002286,OXAMNIQUINA
7770002287,OXANDROLONA
7770002288,OXANTEL
7770002289,OXAPROZINA
7770002290,OXATOMIDA
7770002291,OXAZEPAM
7770002292,OXCARBAZEPINA
7770002293,OXEDRINA
7770002294,OXELADINA
7770002295,OXETACAINA
7770002296,OXETORONA
7770002297,OXIBATO DE SODIO
7770002298,OXIBUPROCAINA
7770002299,OXIBUTININA
7770002300,OXICINCOFENO
7770002301,OXICODONA
7770002302,OXICONAZOL
7770002303,OXIDO DE ALUMINO
7770002304,OXIDO DE HIERRO AZUCARADOS
7770002305,"OXIDO DE HIERRO POLIMALTOSADOS,COMPLEJOS DE"
7770002306,"OXIDO DE IODO,NANOPARTICULAS"
7770002307,OXIDO DE MAGNESIO
7770002308,OXIDO NITRICO
7770002309,OXIDO NITROSO
7770002310,OXIFEDRINA
7770002311,OXIFENBUTASONA
7770002312,OXIFENBUTAZONA
7770002313,OXIFENCICLIMINA
7770002314,OXIFENCICLIMINA Y PSICOLEPTICOS
7770002315,OXIFENISATINA
7770002316,OXIFENONIO
7770002317,OXIGENO
7770002318,OXIMETAZOLINA
7770002319,OXIMETOLONA
7770002320,OXIPERTINA
7770002321,OXIQUINOLINA
7770002322,OXIRACETAM
7770002323,OXITETRACICLINA
7770002324,OXITOCINA
7770002325,OXITRIPTAN
7770002326,"OXITROPIO,BROMURO DE"
7770002327,OXOLAMINA
7770002328,OXOMEMAZINA
7770002329,OXPRENOLOL
7770002330,OXPRENOLOL Y OTROS DIURETICOS
7770002331,OXPRENOLOL Y TIAZIDAS
7770002332,PACLITAXEL
7770002333,PALIPERIDONA
7770002334,PALIVIZUMAB
7770002335,PALONOSETRON
7770002336,PANCREOZIMINA COLECISTOQUININA
7770002337,PANCURONIO
7770002338,PANGAMATO DE CALCIO
7770002339,PANITUMUMAB
7770002340,PANTETINA
7770002341,PANTOPRAZOL
7770002342,"PANTOPRAZOL,AMOXICILINA Y CLARITROMICINA"
7770002343,PANTOTENATO DE CALCIO
7770002344,PAPAVERETO
7770002345,PAPAVERINA
7770002346,PARACETAMOL
7770002347,PARACETAMOL CON PSICOLEPTICOS
7770002348,PARACETAMOL EXCLUIDOS PSICOLEPTICOS
7770002349,PARAFINA BLANDA
7770002350,PARALDEHIDO
7770002351,PARAMETADIONA
7770002352,PARAMETASONA
7770002353,PARAOXON
7770002354,"PARATIROIDEAS,EXTRACTO DE GLANDULA"
7770002355,PARGILINA
7770002356,PARICALCITOL
7770002357,PARNAPARINA
7770002358,PAROMOMICINA
7770002359,"PAROTIDITIS,VIRUS VIVO ATENUADO"
7770002360,PAZOPANIB
7770002361,PECILOCINA
7770002362,PECTINA
7770002363,PEFLOXACINO
7770002364,PEGADEMASA
7770002365,PEGAPTANIB
7770002366,PEGASPARGASA
7770002367,PEGFILGRASTIM
7770002368,PEGINTERFERON ALFA-2A
7770002369,PEGINTERFERON ALFA-2B
7770002370,PEGVISOMANT
7770002371,PEMETREXED
7770002372,PEMOLINA
7770002373,PENAMECILINA
7770002374,PENBUTOLOL
7770002375,PENBUTOLOL Y OTROS DIURETICOS
7770002376,PENCICLOVIR
7770002377,PENFLURIDOL
7770002378,PENICILAMINA
7770002379,"PENICILINAS,COMBINACION CON OTROS ANTIBACTERIANOS"
7770002380,PENIMEPICICLINA
7770002381,PENTAERITRITILO
7770002382,PENTAGASTRINA
7770002383,PENTAMICINA
7770002384,"PENTAMIDINA,ISETIONANTO DE"
7770002385,PENTAZOCINA
7770002386,PENTETRAZOL
7770002387,PENTIENATO
7770002388,PENTIFILINA
7770002389,PENTOBARBITAL
7770002390,PENTOSAN POLISULFATO DE SODIO
7770002391,PENTOSTATINA
7770002392,PENTOXIFILINA
7770002393,PENTOXIVERINA
7770002394,PEPSINA
7770002395,PERAMPANEL
7770002396,PERAZINA
7770002397,PERBORATO DE SODIO
7770002398,PERCLORATO DE POTASIO
7770002399,PERFENAZINA
7770002400,PERFLENAPENT
7770002401,PERFLUBRON
7770002402,PERGOLIDA
7770002403,PERHEXILINA
7770002404,PERICIAZINA
7770002405,PERINDOPRIL
7770002406,PERINDOPRIL Y DIURETICOS
7770002407,PERMANGANATO DE POTASIO
7770002408,PERMETRINA
7770002409,PEROXIDO DE BENZOILO
7770002410,PEROXIDO DE HIDROGENO
7770002411,PEROXIDO DE MAGNESIO
7770002412,"PERTUSSIS,ANTIGENO PURIFICADO DE"
7770002413,"PERTUSSIS,ANTIGENO PURIFICADO,COMBINACION CON TOXOIDES"
7770002414,"PERTUSSIS,CELULA ENTERA INACTIVADA"
7770002415,"PERTUSSIS,CELULAS ENTERAS INACTIVADA CON TOXOIDES"
7770002416,PERUVOSIDO
7770002417,"PESTE,CELULA ENTERA INACTIVADA"
7770002418,PETIDINA CON ANTIESPASMODICOS
7770002419,PETIDINA CON PSICOLEPTICOS
7770002420,PETIDINA EXCLUIDOS PSICOLEPTICOS
7770002421,PETIDINA MEPERIDINA
7770002422,PICLOXIDINA
7770002423,PICODRALAZINA Y DIURETICOS
7770002424,PICODRALAZINA Y DIURETICOS CON PSICOLEPTICOS
7770002425,PICOSULFATO DE SODIO
7770002426,PICOTAMIDA
7770002427,PIDOLATO DE MAGNESIO
7770002428,PIDOTIMOD
7770002429,PILOCARPINA
7770002430,PIMETIXENO
7770002431,PIMOZIDA
7770002432,PINACIDIL
7770002433,PINACIDIL Y DIURETICOS
7770002434,PINAVERIO
7770002435,PINAZEPAM
7770002436,PINDOLOL
7770002437,PINDOLOL Y OTROS DIURETICOS
7770002438,PIOGLITAZONA
7770002439,PIOGLITAZONA Y ALOGLIPTINA
7770002440,PIPAZETATO
7770002441,"PIPECURONIO,BROMURO DE"
7770002442,PIPENZOLATO
7770002443,PIPERACILINA
7770002444,PIPERACILINA E INHIBIDORES DE LA ENZIMA
7770002445,PIPERAZINA
7770002446,PIPERIDIONA
7770002447,PIPERIDOLATO
7770002448,PIPOBROMAN
7770002449,PIPOTIAZINA
7770002450,PIPRADROL
7770002451,PIPROZOLINA
7770002452,PIRACETAM
7770002453,PIRANTEL
7770002454,PIRARUBICINA
7770002455,PIRAZINAMIDA
7770002456,PIRBUTEROL
7770002457,PIRENZEPINA
7770002458,PIRETANIDA
7770002459,PIRETRO
7770002460,PIRIBEDIL
7770002461,PIRIDOSTIGMINA
7770002462,"PIRIDOXAL,FOSFATO DE"
7770002463,PIRIDOXINA VITAMINA B6
7770002464,PIRIMETAMINA
7770002465,PIRISUDANOL
7770002466,PIRITILDIONA
7770002467,PIRITINOL
7770002468,PIRITIONA CINCICA
7770002469,PIRITRAMIDA
7770002470,PIROXICAM
7770002471,PIRPROFENO
7770002472,PIRROBUTAMINA
7770002473,PIRROLNITRINA
7770002474,PIRVINIO
7770002475,PITAVASTATINA
7770002476,PITOFENONA Y ANALGESICOS
7770002477,PIVAGABINA
7770002478,PIVAMPICILINA
7770002479,PIVMECILINAM
7770002480,PIZOTIFENO
7770002481,"PLATA,COMPUESTOS DE"
7770002482,PLECONARILO
7770002483,PLICAMICINA
7770002484,PLUMAS
7770002485,PODOFILOTOXINA
7770002486,POLDINA
7770002487,POLEN DE ARBOLES
7770002488,POLEN DE PLANTAS
7770002489,POLI IC
7770002490,POLI ICLC
7770002491,POLICARBOFILO DE CALCIO
7770002492,POLICOSANOL
7770002493,POLICRESULENO
7770002494,POLIDOCANOL
7770002495,"POLIESTIRENO,SULFONATO DE"
7770002496,POLIESTRADIOL FOSFATO
7770002497,POLIGALA
7770002498,POLIHEXANIDA
7770002499,POLIMIXINA B
7770002500,POLINOXILINA
7770002501,"POLIOMIELITIS,INACTIVADO,VIRUS ENTERO,TRIVALENTE"
7770002502,"POLIOMIELITIS,VACUNA ORAL,VIRUS VIVO ATENUADO,MONOVALENTE"
7770002503,"POLIOMIELITIS,VACUNA ORAL,VIRUS VIVO ATENUADO,TRIVALENTE"
7770002504,POLISULFATO DE POTASIO
7770002505,POLITIAZIDA
7770002506,POLYTIAZIDE Y POTASIO
7770002507,PORFIMERO DE SODIO
7770002508,PRACTOLOL
7770002509,PRAJMALINA
7770002510,PRALIDOXIMA
7770002511,PRAMIPEXOL
7770002512,PRAMIRACETAM
7770002513,PRAMLINTIDA
7770002514,PRAMOCAINA
7770002515,PRANLUKAST
7770002516,PRANOPROFENO
7770002517,PRASTERONA
7770002518,PRASTERONA Y ESTROGENO
7770002519,PRAVASTATINA
7770002520,PRAVASTATINA Y ACIDO ACETILSALICILICO
7770002521,PRAVASTATINA Y FENOFIBRATO
7770002522,PRAZEPAM
7770002523,PRAZICUANTEL
7770002524,PRAZOSINA
7770002525,PRAZOSINA Y DIURETICOS
7770002526,PREDNICARBATO
7770002527,PREDNILIDENO
7770002528,PREDNIMUSTINA
7770002529,PREDNISOLONA
7770002530,PREDNISOLONA CON ANTIBIOTICOS
7770002531,PREDNISOLONA CON ANTISEPTICOS
7770002532,PREDNISOLONA Y ANTIINFECCIOSOS
7770002533,PREDNISOLONA Y MIDRIATICOS
7770002534,PREDNISOLONA Y PROMETAZINA
7770002535,PREDNISONA
7770002536,PREGABALINA
7770002537,PRENALTEROL
7770002538,PRENILAMINA
7770002539,PRENOXDIAZINA
7770002540,PREPARADOS CON PEPSINA Y ACIDOS
7770002541,PRETCAMIDA
7770002542,PRIDINOL
7770002543,"PRIFINIO,BROMURO DE"
7770002544,PRILOCAINA
7770002545,PRIMAQUINA
7770002546,PRIMIDONA
7770002547,PRISTINAMICINA
7770002548,PROBENECID
7770002549,PROBUCOL
7770002550,PROCAINA
7770002551,PROCAINAMIDA
7770002552,PROCARBAZINA
7770002553,PROCATEROL
7770002554,PROCICLIDINA
7770002555,PROCLORPERAZINA
7770002556,PROCUAZONA
7770002557,PROFENAMINA
7770002558,PROGABIDA
7770002559,PROGESTERONA
7770002560,PROGESTERONA Y ESTROGENO
7770002561,PROGLUMETACINA
7770002562,PROGLUMIDA
7770002563,PROGUANIL
7770002564,PROLINTANO
7770002565,PROMAZINA
7770002566,PROMEGESTONA
7770002567,PROMESTRIENO
7770002568,PROMETAZINA
7770002569,PROPACETAMOL
7770002570,PROPAFENONA
7770002571,PROPAMIDINA
7770002572,PROPANIDID
7770002573,PROPANOL
7770002574,PROPANTELINA
7770002575,PROPANTELINA Y PSICOLEPTICOS
7770002576,PROPATILNITRATO
7770002577,PROPENIDAZOL
7770002578,PROPENTOFILINA
7770002579,PROPICILINA
7770002580,PROPIFENAZONA
7770002581,PROPIFENAZONA CON PSICOLEPTICOS
7770002582,PROPIFENAZONA EXCLUIDOS PSICOLEPTICOS
7770002583,PROPILIODONA
7770002584,PROPILTIOURACILO
7770002585,PROPIONATO DE SODIO
7770002586,PROPIVERINA
7770002587,PROPOFOL
7770002588,PROPRANOLOL
7770002589,PROPRANOLOL Y OTROS ANTIHIPERTENSIVOS
7770002590,PROPRANOLOL Y TIAZIDAS
7770002591,PROSCILARIDINA
7770002592,PROTAMINA
7770002593,PROTEINA C
7770002594,"PROTEINAS,HIDROLIZADOS DE"
7770002595,PROTEINSUCCINILATO FERRICO
7770002596,PROTIOFATO
7770002597,PROTIONAMIDA
7770002598,PROTIPENDILO
7770002599,PROTIRELINA
7770002600,PROTRIPTILINA
7770002601,PROXAZOL
7770002602,PROXIBARBAL
7770002603,PROXIFILINA
7770002604,PROXIFILINA Y ADRENERGICOS
7770002605,PROXIMETACAINA
7770002606,PRUNUS AFRICANAE CORTEX
7770002607,PSEUDOEFEDRINA
7770002608,QUAZEPAM
7770002609,QUIMOPAPAINA
7770002610,QUIMOTRIPSINA
7770002611,QUINAGOLIDA
7770002612,QUINAPRIL
7770002613,QUINAPRIL Y DIURETICOS
7770002614,QUINBOLONA
7770002615,QUINETAZONA
7770002616,QUINETAZONA Y POTASIO
7770002617,QUINGESTANOL
7770002618,QUINGESTANOL Y ETINILESTRADIOL
7770002619,QUINIDINA
7770002620,QUINIDINA CON PSICOLEPTICOS
7770002621,QUINIDINA EXCLUIDOS PSICOLEPTICOS
7770002622,QUININA
7770002623,QUININA CON PSICOLEPTICOS
7770002624,QUINIOFON
7770002625,QUINISOCAINA
7770002626,QUINUPRISTINA/DALFOPRISTINA
7770002627,RABEPRAZOL
7770002628,"RABIA,VIRUS ENTERO INACTIVADO"
7770002629,RACECADOTRIL
7770002630,RALOXIFENO
7770002631,RALTEGRAVIR
7770002632,RALTITREXED
7770002633,RAMIPRIL
7770002634,RAMIPRIL Y DIURETICOS
7770002635,RAMIPRIL Y FELODIPINA
7770002636,RANIBIZUMAB
7770002637,RANIMUSTINA
7770002638,RANITIDINA
7770002639,RANITIDINA Y CITRATO DE BISMUTO
7770002640,RASBURICASA
7770002641,"RAUWOLFIA,ALCALOIDES DE RAIZ ENTERA,Y DIURETICOS"
7770002642,REBOXETINA
7770002643,REMIKIRENO
7770002644,RENIO 186RE ACIDO ETIDRONICO
7770002645,RENIO 186RE SULFURO COLOIDAL
7770002646,REPAGLINIDA
7770002647,REPROTEROL
7770002648,REPROTEROL Y CROMOGLICATO DE SODIO
7770002649,RESCINAMINA
7770002650,RESCINAMINA Y DIURETICOS
7770002651,RESCINAMINA Y DIURETICOS CON OTRAS DROGAS
7770002652,RESERPINA
7770002653,RESERPINA Y DIURETICOS
7770002654,RESERPINA Y DIURETICOS CON OTRAS DROGAS
7770002655,RESERPINA Y DIURETICOS CON PSICOLEPTICOS
7770002656,RESINAS DE INTERCAMBIO CATIONICO
7770002657,RESORCINOL
7770002658,RETEPLASA
7770002659,RETIGABINA
7770002660,RETINOL
7770002661,RETINOL VITAMINA A
7770002662,REVIPARINA
7770002663,RIBAVIRINA
7770002664,RIBOFLAVINA VITAMINA B2
7770002665,RIBOSTAMICINA
7770002666,RIFABUTINA
7770002667,RIFAMICINA
7770002668,RIFAMPICINA
7770002669,RIFAPENTINA
7770002670,RIFAXIMINA
7770002671,RILMENIDINA
7770002672,RILUZOL
7770002673,RIMANTADINA
7770002674,RIMAZOLIO
7770002675,RIMEXOLONA
7770002676,RIMITEROL
7770002677,RISPERIDONA
7770002678,RITIOMETAN
7770002679,RITODRINA
7770002680,RITONAVIR
7770002681,RITUXIMAB
7770002682,RIVAROXABAN
7770002683,RIVASTIGMINA
7770002684,RIZATRIPTAN
7770002685,ROCIVERINA
7770002686,"ROCURONIO,BROMURO DE"
7770002687,ROKITAMICINA
7770002688,ROLITETRACICLINA
7770002689,RONIFIBRATO
7770002690,ROPINIROL
7770002691,ROPIVACAINA
7770002692,ROQUINIMEX
7770002693,ROSA DE BENGALA SODICO
7770002694,ROSIGLITAZONA
7770002695,ROSOXACINO
7770002696,ROSUVASTATINA
7770002697,ROXATIDINA
7770002698,ROXITROMICINA
7770002699,"RUBEOLA,VIRUS VIVO ATENUADO"
7770002700,"RUBEOLA,VIRUS VIVOS ATENUADOS COMBINACIONES CON LA VACUNA CONTRA LA PAROTIDITIS"
7770002701,RUFINAMIDA
7770002702,RUFLOXACINO
7770002703,RUPATADINA
7770002704,RUTOSIDO
7770002705,S-ATENOLOL
7770002706,SABALIS SERRULATAE FRUCTUS
7770002707,SACCHAROMYCES BOULARDII
7770002708,SACROSIDASA
7770002709,SALBUTAMOL
7770002710,SALBUTAMOL Y CROMOGLICICO DE SODIO
7770002711,SALES MINERALES EN COMBINACION
7770002712,SALICILAMIDA
7770002713,SALICILAMIDA CON PSICOLEPTICOS
7770002714,SALICILAMIDA EXCLUIDOS PSICOLEPTICOS
7770002715,SALICILATO DE COLINA
7770002716,SALICILATO DE FENILO
7770002717,SALICILATO DE IMIDAZOL
7770002718,SALICILATO DE MORFOLINA
7770002719,SALICILATO DE POTASIO
7770002720,SALICILATO DE SODIO
7770002721,SALMETEROL
7770002722,SALMETEROL Y FLUTICASONA
7770002723,SALSALATO
7770002724,SAMARIO 153SM HIDROXIAPATITA COLOIDAL
7770002725,SAMARIO 153SM LEXIDRONAM
7770002726,SAQUINAVIR
7770002727,"SARAMPION,VIRUS VIVO ATENUADO"
7770002728,"SARAMPION,VIRUS VIVO ATENUADO COMBINADO CON LA VACUNA CONTRA LA PAROTIDITIS"
7770002729,"SARAMPION,VIRUS VIVO ATENUADO COMBINADO CON LA VACUNA CONTRA LA PAROTIDITIS Y LA RUBEOLA"
7770002730,"SARAMPION,VIRUS VIVO ATENUADO COMBINADO CON LA VACUNA CONTRA LA RUBEOLA"
7770002731,SARGRAMOSTIM
7770002732,SARUPLASA
7770002733,SECNIDAZOL
7770002734,SECOBARBITAL
7770002735,SECRETINA
7770002736,SELEGILINA
7770002737,SELENATO DE SODIO
7770002738,SELENIO 75SE ACIDO TAUROSELCOLICO
7770002739,SELENIO 75SE NORCOLESTEROL
7770002740,"SELENIO,COMPUESTOS CON"
7770002741,SELENITO DE SODIO
7770002742,SEMUSTINA
7770002743,SERATRODAST
7770002744,SERMORELINA
7770002745,SERTACONAZOL
7770002746,SERTINDOL
7770002747,SEVELAMERO
7770002748,SEVOFLURANO
7770002749,SIBUTRAMINA
7770002750,SILDENAFILO
7770002751,SILICATO DE CALCIO
7770002752,SILICATO DE MAGNESIO
7770002753,SILICONAS
7770002754,SILIMARINA
7770002755,SILODOSINA
7770002756,SIMVASTATINA
7770002757,SIMVASTATINA Y ACIDO ACETILSALICILICO
7770002758,SIMVASTATINA Y EZETIMIBE
7770002759,SINCALIDA
7770002760,SINFIBRATO
7770002761,SIROLIMUS
7770002762,SIROSINGOPINA Y DIURETICOS
7770002763,SISOMICINA
7770002764,SOBREROL
7770002765,SODICO CITRATO FERRICO
7770002766,SODIO EDETATO
7770002767,SOLIFENACINA
7770002768,SOLUCIONES CARDIOPLEJICAS
7770002769,SOMATORELINA
7770002770,SOMATOSTATINA
7770002771,SOMATOTROPINA
7770002772,SOMATREM
7770002773,SORAFENIB
7770002774,SORBITOL
7770002775,SOTALOL
7770002776,SOTALOL Y TIAZIDAS
7770002777,SUBCITRATO DE BISMUTO
7770002778,SUBNITRATO DE BISMUTO
7770002779,SUCCINATO DE LITIO
7770002780,SUCCINILSULFATIAZOL
7770002781,SUCCINIMIDA
7770002782,SUCRALFATO
7770002783,SUERO ANTIOFIDICO
7770002784,SULBACTAM
7770002785,SULBENICILINA
7770002786,SULBENTINA
7770002787,SULBUTIAMINA
7770002788,SULCONAZOL
7770002789,SULFACETAMIDA
7770002790,SULFADIAZINA
7770002791,SULFADIAZINA DE PLATA
7770002792,SULFADIAZINA Y TETROXOPRIMA
7770002793,SULFADIAZINA Y TRIMETOPRIMA
7770002794,SULFADICRAMIDA
7770002795,SULFADIMETOXINA
7770002796,SULFADIMIDINA
7770002797,SULFADIMIDINA Y TRIMETOPRIMA
7770002798,SULFAFENAZOL
7770002799,SULFAFURAZOL
7770002800,SULFAGUANIDINA
7770002801,SULFAISODIMIDINA
7770002802,SULFALENO
7770002803,SULFAMAZONA
7770002804,SULFAMERAZINA
7770002805,SULFAMETIZOL
7770002806,SULFAMETOMIDINA
7770002807,SULFAMETOXAZOL
7770002808,SULFAMETOXAZOL Y TRIMETOPRIMA
7770002809,SULFAMETOXIDIAZINA
7770002810,SULFAMETOXIPIRIDAZINA
7770002811,SULFAMETROL Y TRIMETOPRIMA
7770002812,SULFAMOXOL
7770002813,SULFAMOXOL Y TRIMETOPRIMA
7770002814,SULFANILAMIDA
7770002815,SULFAPERINA
7770002816,SULFAPIRIDINA
7770002817,SULFASALAZINA
7770002818,SULFATIAZOL
7770002819,SULFATIOUREA
7770002820,SULFATO DE BARIO CON AGENTES EN SUSPENSION
7770002821,SULFATO DE BARIO SIN AGENTES EN SUSPENSION
7770002822,SULFATO DE COBRE
7770002823,SULFATO DE MAGNESIO
7770002824,SULFATO DE SODIO
7770002825,SULFATO DE ZINC
7770002826,SULFATO FERROSO
7770002827,SULFATO FERROSO DE GLICINA
7770002828,SULFATOLAMIDA
7770002829,SULFINPIRAZONA
7770002830,SULFOBROMOFTALEINA
7770002831,SULFONAMIDAS DE
7770002832,"SULFONAMIDAS,COMBINACION CON OTROS ANTIBACTERIANOS EXCLUIDOS TRIMETOPRIMA"
7770002833,SULFURO DE SELENIO
7770002834,SULGLICOTIDA
7770002835,SULINDACO
7770002836,SULOCTIDIL
7770002837,SULODEXIDA
7770002838,SULPROSTONA
7770002839,SULTAMICILINA
7770002840,SULTIAMO
7770002841,SUMATRIPTAN
7770002842,SUNITINIB
7770002843,SUPRESORES DE LA TOS Y EXPECTORANTES
7770002844,SUPRESORES DE LA TOS Y MUCOLITICOS
7770002845,SUPROFENO
7770002846,SURAMINA SODICA
7770002847,SUSTITUTOS DE LA SANGRE FLUOROCARBONADOS
7770002848,SUXAMETONIO
7770002849,SUXIBUZONA
7770002850,TACALCITOL
7770002851,TACRINA
7770002852,TACROLIMO
7770002853,TACROLIMUS
7770002854,TADALAFIL
7770002855,TAFLUPROST
7770002856,TALAMPICILINA
7770002857,TALASTINA
7770002858,TALBUTAL
7770002859,TALIDOMIDA
7770002860,TALINOLOL
7770002861,"TALIO 201TL,CLORURO DE"
7770002862,TAMOXIFENO
7770002863,TAMSULOSINA
7770002864,TAMSULOSINA Y DUTASTERIDA
7770002865,TANATO DE ALBUMINA
7770002866,TARTRATO DE SODIO
7770002867,TARTRATO FERROSO
7770002868,TASONERMINA
7770002869,TASOSARTAN
7770002870,TAUROLIDINA
7770002871,TAZAROTENO
7770002872,TAZOBACTAM
7770002873,TEBACON
7770002874,TECLOZAN
7770002875,TECNECIO 99MTC ACIDO BUTEDRONICO
7770002876,TECNECIO 99MTC ACIDO MEDRONICO
7770002877,TECNECIO 99MTC ACIDO OXIDRONICO
7770002878,TECNECIO 99MTC ACIDO PENTETICO
7770002879,TECNECIO 99MTC ALBUMINA HUMANA
7770002880,TECNECIO 99MTC ANTICUERPO ANTIMELANOMA
7770002881,TECNECIO 99MTC ANTICUERPO CONTRA ANTIGENO CARCINOEMBRIONARIO
7770002882,TECNECIO 99MTC ANTICUERPOS ANTIGRANULOCITOS
7770002883,TECNECIO 99MTC APCITIDA
7770002884,TECNECIO 99MTC ARCITUMOMAB
7770002885,TECNECIO 99MTC AZUFRE COLIDE
7770002886,TECNECIO 99MTC CELULAS MARCADAS CON ESTANO
7770002887,TECNECIO 99MTC DEPREOTIDA
7770002888,TECNECIO 99MTC DISOFENINA
7770002889,TECNECIO 99MTC ETIFENINA
7770002890,TECNECIO 99MTC EXAMETACIMA
7770002891,"TECNECIO 99MTC EXAMETAZIMA,CELULAS MARCADAS CON"
7770002892,TECNECIO 99MTC FITATO
7770002893,TECNECIO 99MTC GALTIFENINA
7770002894,TECNECIO 99MTC INMUNOGLOBULINA HUMANA
7770002895,TECNECIO 99MTC LAMINA COLOIDE
7770002896,TECNECIO 99MTC LIDOFENINA
7770002897,TECNECIO 99MTC MACROSALB
7770002898,TECNECIO 99MTC MEBROFENINA
7770002899,TECNECIO 99MTC MERTIATIDO
7770002900,TECNECIO 99MTC MICROCOLOIDAL
7770002901,TECNECIO 99MTC MICROESFERAS
7770002902,TECNECIO 99MTC MILIMICROESFERAS
7770002903,TECNECIO 99MTC NANOCOLOIDAL
7770002904,TECNECIO 99MTC RENIOSULFURO
7770002905,TECNECIO 99MTC SESTAMIBI
7770002906,TECNECIO 99MTC SUCCIMERO
7770002907,TECNECIO 99MTC SUCCIMERO PENTAVALENTE
7770002908,TECNECIO 99MTC SULESOMAB
7770002909,TECNECIO 99MTC TEBOROXIMA
7770002910,TECNECIO 99MTC TECNEGAS
7770002911,TECNECIO 99MTC TETROFOSMINA
7770002912,TECNECIO 99MTC VOTUMUMAB
7770002913,"TECNECIO 99MTC,BICISATO DE"
7770002914,"TECNECIO 99MTC,FURIFOSMINA DE"
7770002915,"TECNECIO 99MTC,GLUCOHEPTONATO DE"
7770002916,"TECNECIO 99MTC,GLUCONATO DE"
7770002917,"TECNECIO 99MTC,PERTECNETATO DE"
7770002918,"TECNECIO 99MTC,PIROFOSFATO DE"
7770002919,TEDISAMILO
7770002920,TEGAFUR
7770002921,TEGASEROD
7770002922,TEICOPLANINA
7770002923,TEJIDOS
7770002924,TELBIVUDINA
7770002925,TELITROMICINA
7770002926,TELMISARTAN
7770002927,TELMISARTAN Y DIURETICOS
7770002928,TEMAFLOXACINO
7770002929,TEMAZEPAM
7770002930,TEMOCAPRIL
7770002931,TEMOCILINA
7770002932,TEMOPORFINA
7770002933,TEMOZOLOMIDA
7770002934,TEMSIROLIMUS
7770002935,TENALIDINA
7770002936,TENECTEPLASA
7770002937,TENIDAP
7770002938,TENIPOSIDO
7770002939,TENITRAMINA
7770002940,TENOFOVIR DISOPROXIL Y EMTRICITABINE
7770002941,TENOFOVIR DISOPROXILO
7770002942,TENONITROZOL
7770002943,TENOXICAM
7770002944,TEOBROMINA
7770002945,TEODRENALINA
7770002946,TEOFILINA
7770002947,TEOFILINA CON PSICOLEPTICOS
7770002948,TEOFILINA Y ADRENERGICOS
7770002949,"TEOFILINA,EXCLUIDOS PSICOLEPTICOS"
7770002950,TEOFILINATO DE COLINA
7770002951,TEOFILINATO DE COLINA Y ADRENERGICOS
7770002952,TERAZOSINA
7770002953,TERBINAFINA
7770002954,TERBUTALINA
7770002955,TERCONAZOL
7770002956,TERFENADINA
7770002957,TERIPARATIDA
7770002958,TERIZIDONA
7770002959,TERLIPRESINA
7770002960,TERODILINA
7770002961,TERTATOLOL
7770002962,TESTOSTERONA
7770002963,TESTOSTERONA Y ESTROGENO
7770002964,"TETANICA,ANTITOXINA"
7770002965,TETRABENAZINA
7770002966,TETRACAINA
7770002967,TETRACICLINA
7770002968,TETRACICLINAS DE
7770002969,TETRACOSACTIDA
7770002970,TETRADECILSULFATO DE SODIO
7770002971,"TETRAGALACTURONICO,HIDROXIMETILESTER DEL ACIDO"
7770002972,TETRAMETRINA
7770002973,TETRANITRATO DE ERITRITILO
7770002974,TETRANITRATO DE PENTAERITRITILO
7770002975,TETRAZEPAM
7770002976,TETRIZOLINA
7770002977,TIABENDAZOL
7770002978,TIADENOL
7770002979,TIAGABINA
7770002980,TIAMAZOL
7770002981,TIAMINA VITAMINA B1
7770002982,TIANEPTINA
7770002983,TIANFENICOL
7770002984,TIAZINAMIO
7770002985,TIAZOFURINA
7770002986,"TIBEZONIO,IODURO DE"
7770002987,TICARCILINA
7770002988,TICARCILINA E INHIBIDORES DE LA ENZIMA
7770002989,TICLATONA
7770002990,TICLOPIDINA
7770002991,"TIEMONIO,IODURO DE"
7770002992,"TIEMONIO,IODURO DE,Y ANALGESICOS"
7770002993,TIETILPERAZINA
7770002994,TIFOIDEA CON TIPOS DE PARATYPHI
7770002995,"TIFOIDEA,ANTIGENO POLISACARIDO PURIFICADO"
7770002996,"TIFOIDEA,CELULA ENTERA INACTIVADA"
7770002997,"TIFOIDEA,VIVA ATENUADA,ORAL"
7770002998,"TIFUS EXANTEMATICO,INACTIVADO,CELULAS ENTERAS"
7770002999,TIGECICLINA
7770003000,TILACTASA
7770003001,TILBROQUINOL
7770003002,TILIDINA
7770003003,TILOXAPOL
7770003004,TIMAZOLINA
7770003005,"TIMEPIDIO,BROMURO DE"
7770003006,TIMOLOL
7770003007,TIMOLOL Y TIAZIDAS
7770003008,"TIMOLOL,TIAZIDAS Y OTROS DIURETICOS"
7770003009,TIMOPENTINA
7770003010,TINIDAZOL
7770003011,TINZAPARINA
7770003012,TIOCARLIDA
7770003013,TIOCIANATO DE HEXAMIDA Y CALCIO
7770003014,TIOCLOMAROL
7770003015,TIOCOLCHICOSIDO
7770003016,TIOCONAZOL
7770003017,TIOGUANINA
7770003018,TIOMERSAL
7770003019,TIOPENTAL
7770003020,TIOPRONINA
7770003021,TIOPROPAZATO
7770003022,TIOPROPERAZINA
7770003023,TIORIDAZINA
7770003024,TIOSULFATO
7770003025,TIOTEPA
7770003026,TIOTIXENO
7770003027,TIOXOLONA
7770003028,TIPEPIDINA
7770003029,TIRACIZINA
7770003030,TIRAM
7770003031,TIRATRICOL
7770003032,TIRILAZAD
7770003033,TIROFIBAN
7770003034,TIROPRAMIDA
7770003035,TIROTRICINA
7770003036,TIROTROPINA
7770003037,TIROTROPINA ALFA
7770003038,TISOPURINA
7770003039,TIXOCORTOL
7770003040,TIZANIDINA
7770003041,TOBRAMICINA
7770003042,TOCAINIDA
7770003043,TOCOFEROL VITAMINA E
7770003044,TOFISOPAM
7770003045,TOLAZAMIDA
7770003046,TOLAZOLINA
7770003047,TOLBUTAMIDA
7770003048,TOLCAPONA
7770003049,TOLCICLATO
7770003050,TOLMETINA
7770003051,TOLNAFTATO
7770003052,TOLONIDINA
7770003053,TOLOXATONA
7770003054,TOLPERISONA
7770003055,TOLPROPAMINA
7770003056,TOLRESTAT
7770003057,TOLTERODINA
7770003058,TONZILAMINA
7770003059,TOPIRAMATO
7770003060,TOPOTECAN
7770003061,TORASEMIDA
7770003062,TOREMIFENO
7770003063,TOSILCLORAMIDA DE SODIO
7770003064,TOSITUMOMAB/IODO 131I TOSITUMOMAB
7770003065,TRABECTEDINA
7770003066,TRAMADOL
7770003067,"TRAMADOL,COMBINACION CON"
7770003068,TRAMAZOLINA
7770003069,TRANDOLAPRIL
7770003070,TRANDOLAPRIL Y VERAPAMILO
7770003071,TRAPIDIL
7770003072,TRASTUZUMAB
7770003073,TRAVOPROST
7770003074,TRAZODONA
7770003075,TREOSULFANO
7770003076,TREPIBUTONA
7770003077,TRETINOINA
7770003078,TRETOQUINOL
7770003079,TRIAMCINOLONA
7770003080,TRIAMCINOLONA CON ANTIBIOTICOS
7770003081,TRIAMCINOLONA CON ANTISEPTICOS
7770003082,TRIAMCINOLONA Y ANTIINFECCIOSOS
7770003083,TRIAMTERENO
7770003084,TRIAZICUONA
7770003085,TRIAZOLAM
7770003086,TRIBENOSIDO
7770003087,TRIBROMOMETACRESOL
7770003088,TRICLABENDAZOL
7770003089,TRICLORMETIAZIDA
7770003090,TRICLORMETIAZIDA Y AGENTES AHORRADORES DE POTASIO
7770003091,TRICLORMETIAZIDA Y POTASIO
7770003092,TRICLOROETILENO
7770003093,TRICLOSAN
7770003094,TRIDIHEXETILO
7770003095,TRIFLUOPERAZINA
7770003096,TRIFLUPERIDOL
7770003097,TRIFLUPROMAZINA
7770003098,TRIFLURIDINA
7770003099,TRIFLUSAL
7770003100,TRIGLICERIDOS OMEGA-3 INCLUIDOS OTROS ESTERES Y ACIDOS
7770003101,TRIHEXIFENIDILO
7770003102,TRILOSTANO
7770003103,TRIMAZOSINA
7770003104,TRIMEBUTINA
7770003105,TRIMEGESTONA Y ESTROGENO
7770003106,TRIMETADIONA
7770003107,TRIMETAFAN
7770003108,TRIMETAZIDINA
7770003109,TRIMETILDIFENILPROPILAMINA
7770003110,TRIMETOPRIMA
7770003111,TRIMETREXATO
7770003112,TRIMIPRAMINA
7770003113,TRINITRATO DE GLICERILO
7770003114,TRIOXISALENO
7770003115,TRIPELENAMINA
7770003116,TRIPROLIDINA
7770003117,TRIPSINA
7770003118,TRIPSINA CON
7770003119,TRIPTOFANO
7770003120,TRIPTORELINA
7770003121,TRITICO FIBRA DE TRIGO
7770003122,TRITOCUALINA
7770003123,TROFOSFAMIDA
7770003124,TROGLITAZONA
7770003125,TROLEANDOMICINA
7770003126,TROLNITRATO
7770003127,TROMANTADINA
7770003128,TROMBINA
7770003129,TROMETAMOL
7770003130,TROPATEPINA
7770003131,TROPENZOLINA Y ANALGESICOS
7770003132,TROPICAMIDA
7770003133,TROPISETRON
7770003134,TROSPIO
7770003135,TROSPIO Y ANALGESICOS
7770003136,TROVAFLOXACINO
7770003137,TROXERUTINA
7770003138,TROXIPIDA
7770003139,TUAMINOHEPTANO
7770003140,TUBERCULINA
7770003141,"TUBERCULOSIS,MICOBACTERIA VIVA ATENUADA"
7770003142,TUBOCURARINA
7770003143,TULOBUTEROL
7770003144,UBIDECARENONA
7770003145,ULOBETASOL
7770003146,UNOPROSTONA
7770003147,URAPIDIL
7770003148,URATO OXIDASA
7770003149,UREA
7770003150,UREA CON
7770003151,UROFOLITROPINA
7770003152,UROQUINASA
7770003153,USNATO DE COBRE
7770003154,VACUNA BCG
7770003155,VACUNA MELANOMA
7770003156,VALACICLOVIR
7770003157,VALGANCICLOVIR
7770003158,VALPROMIDA
7770003159,VALRUBICINA
7770003160,VALSARTAN
7770003161,VALSARTAN Y AMLODIPINO
7770003162,VALSARTAN Y DIURETICOS
7770003163,VANCOMICINA
7770003164,VARDENAFIL
7770003165,VARENICLINA
7770003166,VARIAS COMBINACIONES
7770003167,"VARICELA,VIRUS VIVO ATENUADO"
7770003168,VARIOS
7770003169,VASOPRESINA
7770003170,VECURONIO
7770003171,VENLAFAXINA
7770003172,VERAPAMILO
7770003173,VERATRO
7770003174,VERATRO Y DIURETICOS
7770003175,VERTEPORFINA
7770003176,VIDARABINA
7770003177,VIGABATRINA
7770003178,VILOXAZINA
7770003179,VIMINOL
7770003180,VINBARBITAL
7770003181,VINBLASTINA
7770003182,VINBURNINA
7770003183,VINCAMINA
7770003184,VINCRISTINA
7770003185,VINDESINA
7770003186,VINILBITAL
7770003187,VINILETER
7770003188,VINORELBINA
7770003189,VINPOCETINA
7770003190,VIRGINIAMICINA
7770003191,"VIRUS DE LA INFLUEZA INACTIVADO Y SEPARADO,O ANTIGENO SUPERFICIAL"
7770003192,VISNADINA
7770003193,"VITAMINA A,CONCENTRADOS DE"
7770003194,VOGLIBOSA
7770003195,VORICONAZOL
7770003196,VOROZOL
7770003197,WARFARINA
7770003198,XALIPRODENO
7770003199,XAMOTEROL
7770003200,XANTINAS DE
7770003201,XENISALATO
7770003202,XENON 127XE GAS
7770003203,XENON 133XE GAS
7770003204,XIBORNOL
7770003205,XILOMETAZOLINA
7770003206,XIMELAGATRAN
7770003207,XIPAMIDA
7770003208,YOHIMBINA
7770003209,ZAFIRLUKAST
7770003210,ZALCITABINA
7770003211,ZALEPLON
7770003212,ZIDOVUDINA
7770003213,"ZIDOVUDINA,AMIVUDINA Y NEVIRAPINA"
7770003214,ZIDOVUDINE Y LAMIVUDINE
7770003215,"ZIDOVUDINE,LAMIVUDINE Y ABACAVIR"
7770003216,"ZINC,COMPLEJO DE PROTEINAS"
7770003217,"ZINC,COMPUESTOS DE"
7770003218,"ZINC,PREPARADOS CON"
7770003219,"ZINC,VENDAJES CON,CON SUPLEMENTOS"
7770003220,"ZINC,VENDAJES CON,SIN SUPLEMENTOS"
7770003221,ZIPEPROL
7770003222,ZIPRASIDONA
7770003223,ZOFENOPRIL
7770003224,ZOLIMIDINA
7770003225,ZOLMITRIPTAN
7770003226,ZOLPIDEM
7770003227,ZOMEPIRACO
7770003228,ZONISAMIDA
7770003229,ZOPICLONA
7770003230,ZORUBICINA
7770003231,ZOTEPINA
7770003232,ZUCLOPENTIXOL
